state,state_fips,series_id,year,period,periodName,month_num,date,unemployment_rate
Alabama,01,LAUST010000000000003,2025,M12,December,12,2025-12-01,2.3
Alabama,01,LAUST010000000000003,2025,M11,November,11,2025-11-01,2.5
Alabama,01,LAUST010000000000003,2025,M09,September,9,2025-09-01,3
Alabama,01,LAUST010000000000003,2025,M08,August,8,2025-08-01,3
Alabama,01,LAUST010000000000003,2025,M07,July,7,2025-07-01,3
Alabama,01,LAUST010000000000003,2025,M06,June,6,2025-06-01,3
Alabama,01,LAUST010000000000003,2025,M05,May,5,2025-05-01,2.5
Alabama,01,LAUST010000000000003,2025,M04,April,4,2025-04-01,2.4
Alabama,01,LAUST010000000000003,2025,M03,March,3,2025-03-01,3
Alabama,01,LAUST010000000000003,2025,M02,February,2,2025-02-01,3.3
Alabama,01,LAUST010000000000003,2025,M01,January,1,2025-01-01,3.3
Alabama,01,LAUST010000000000003,2024,M12,December,12,2024-12-01,2.8
Alabama,01,LAUST010000000000003,2024,M11,November,11,2024-11-01,3
Alabama,01,LAUST010000000000003,2024,M10,October,10,2024-10-01,3
Alabama,01,LAUST010000000000003,2024,M09,September,9,2024-09-01,3
Alabama,01,LAUST010000000000003,2024,M08,August,8,2024-08-01,3.4
Alabama,01,LAUST010000000000003,2024,M07,July,7,2024-07-01,3.3
Alabama,01,LAUST010000000000003,2024,M06,June,6,2024-06-01,3.2
Alabama,01,LAUST010000000000003,2024,M05,May,5,2024-05-01,2.4
Alabama,01,LAUST010000000000003,2024,M04,April,4,2024-04-01,2.4
Alabama,01,LAUST010000000000003,2024,M03,March,3,2024-03-01,2.8
Alabama,01,LAUST010000000000003,2024,M02,February,2,2024-02-01,3.2
Alabama,01,LAUST010000000000003,2024,M01,January,1,2024-01-01,3.2
Alaska,02,LAUST020000000000003,2025,M12,December,12,2025-12-01,5.1
Alaska,02,LAUST020000000000003,2025,M11,November,11,2025-11-01,5.2
Alaska,02,LAUST020000000000003,2025,M09,September,9,2025-09-01,4.1
Alaska,02,LAUST020000000000003,2025,M08,August,8,2025-08-01,3.7
Alaska,02,LAUST020000000000003,2025,M07,July,7,2025-07-01,4.1
Alaska,02,LAUST020000000000003,2025,M06,June,6,2025-06-01,4.7
Alaska,02,LAUST020000000000003,2025,M05,May,5,2025-05-01,4.5
Alaska,02,LAUST020000000000003,2025,M04,April,4,2025-04-01,4.7
Alaska,02,LAUST020000000000003,2025,M03,March,3,2025-03-01,5
Alaska,02,LAUST020000000000003,2025,M02,February,2,2025-02-01,5.4
Alaska,02,LAUST020000000000003,2025,M01,January,1,2025-01-01,5.3
Alaska,02,LAUST020000000000003,2024,M12,December,12,2024-12-01,4.7
Alaska,02,LAUST020000000000003,2024,M11,November,11,2024-11-01,4.8
Alaska,02,LAUST020000000000003,2024,M10,October,10,2024-10-01,4.2
Alaska,02,LAUST020000000000003,2024,M09,September,9,2024-09-01,3.8
Alaska,02,LAUST020000000000003,2024,M08,August,8,2024-08-01,3.8
Alaska,02,LAUST020000000000003,2024,M07,July,7,2024-07-01,4.1
Alaska,02,LAUST020000000000003,2024,M06,June,6,2024-06-01,4.7
Alaska,02,LAUST020000000000003,2024,M05,May,5,2024-05-01,4.3
Alaska,02,LAUST020000000000003,2024,M04,April,4,2024-04-01,4.6
Alaska,02,LAUST020000000000003,2024,M03,March,3,2024-03-01,5
Alaska,02,LAUST020000000000003,2024,M02,February,2,2024-02-01,5.5
Alaska,02,LAUST020000000000003,2024,M01,January,1,2024-01-01,5.2
Arizona,04,LAUST040000000000003,2025,M12,December,12,2025-12-01,4
Arizona,04,LAUST040000000000003,2025,M11,November,11,2025-11-01,4.3
Arizona,04,LAUST040000000000003,2025,M09,September,9,2025-09-01,4.7
Arizona,04,LAUST040000000000003,2025,M08,August,8,2025-08-01,4.9
Arizona,04,LAUST040000000000003,2025,M07,July,7,2025-07-01,4.8
Arizona,04,LAUST040000000000003,2025,M06,June,6,2025-06-01,4.6
Arizona,04,LAUST040000000000003,2025,M05,May,5,2025-05-01,4.2
Arizona,04,LAUST040000000000003,2025,M04,April,4,2025-04-01,3.8
Arizona,04,LAUST040000000000003,2025,M03,March,3,2025-03-01,3.9
Arizona,04,LAUST040000000000003,2025,M02,February,2,2025-02-01,4
Arizona,04,LAUST040000000000003,2025,M01,January,1,2025-01-01,4
Arizona,04,LAUST040000000000003,2024,M12,December,12,2024-12-01,3.7
Arizona,04,LAUST040000000000003,2024,M11,November,11,2024-11-01,3.9
Arizona,04,LAUST040000000000003,2024,M10,October,10,2024-10-01,4
Arizona,04,LAUST040000000000003,2024,M09,September,9,2024-09-01,4
Arizona,04,LAUST040000000000003,2024,M08,August,8,2024-08-01,4.3
Arizona,04,LAUST040000000000003,2024,M07,July,7,2024-07-01,4.4
Arizona,04,LAUST040000000000003,2024,M06,June,6,2024-06-01,4
Arizona,04,LAUST040000000000003,2024,M05,May,5,2024-05-01,3.4
Arizona,04,LAUST040000000000003,2024,M04,April,4,2024-04-01,2.9
Arizona,04,LAUST040000000000003,2024,M03,March,3,2024-03-01,3.1
Arizona,04,LAUST040000000000003,2024,M02,February,2,2024-02-01,3.3
Arizona,04,LAUST040000000000003,2024,M01,January,1,2024-01-01,3.4
Arkansas,05,LAUST050000000000003,2025,M12,December,12,2025-12-01,4.2
Arkansas,05,LAUST050000000000003,2025,M11,November,11,2025-11-01,4.2
Arkansas,05,LAUST050000000000003,2025,M09,September,9,2025-09-01,4.2
Arkansas,05,LAUST050000000000003,2025,M08,August,8,2025-08-01,4.3
Arkansas,05,LAUST050000000000003,2025,M07,July,7,2025-07-01,4.6
Arkansas,05,LAUST050000000000003,2025,M06,June,6,2025-06-01,4.3
Arkansas,05,LAUST050000000000003,2025,M05,May,5,2025-05-01,3.8
Arkansas,05,LAUST050000000000003,2025,M04,April,4,2025-04-01,3.5
Arkansas,05,LAUST050000000000003,2025,M03,March,3,2025-03-01,3.8
Arkansas,05,LAUST050000000000003,2025,M02,February,2,2025-02-01,4.3
Arkansas,05,LAUST050000000000003,2025,M01,January,1,2025-01-01,4.2
Arkansas,05,LAUST050000000000003,2024,M12,December,12,2024-12-01,3.5
Arkansas,05,LAUST050000000000003,2024,M11,November,11,2024-11-01,3.4
Arkansas,05,LAUST050000000000003,2024,M10,October,10,2024-10-01,3.2
Arkansas,05,LAUST050000000000003,2024,M09,September,9,2024-09-01,3.3
Arkansas,05,LAUST050000000000003,2024,M08,August,8,2024-08-01,3.6
Arkansas,05,LAUST050000000000003,2024,M07,July,7,2024-07-01,4.1
Arkansas,05,LAUST050000000000003,2024,M06,June,6,2024-06-01,3.8
Arkansas,05,LAUST050000000000003,2024,M05,May,5,2024-05-01,3.2
Arkansas,05,LAUST050000000000003,2024,M04,April,4,2024-04-01,3
Arkansas,05,LAUST050000000000003,2024,M03,March,3,2024-03-01,3.4
Arkansas,05,LAUST050000000000003,2024,M02,February,2,2024-02-01,3.8
Arkansas,05,LAUST050000000000003,2024,M01,January,1,2024-01-01,3.8
California,06,LAUST060000000000003,2025,M12,December,12,2025-12-01,5.1
California,06,LAUST060000000000003,2025,M11,November,11,2025-11-01,5.4
California,06,LAUST060000000000003,2025,M09,September,9,2025-09-01,5.6
California,06,LAUST060000000000003,2025,M08,August,8,2025-08-01,5.8
California,06,LAUST060000000000003,2025,M07,July,7,2025-07-01,5.9
California,06,LAUST060000000000003,2025,M06,June,6,2025-06-01,5.6
California,06,LAUST060000000000003,2025,M05,May,5,2025-05-01,5
California,06,LAUST060000000000003,2025,M04,April,4,2025-04-01,5.1
California,06,LAUST060000000000003,2025,M03,March,3,2025-03-01,5.5
California,06,LAUST060000000000003,2025,M02,February,2,2025-02-01,5.6
California,06,LAUST060000000000003,2025,M01,January,1,2025-01-01,5.6
California,06,LAUST060000000000003,2024,M12,December,12,2024-12-01,5.1
California,06,LAUST060000000000003,2024,M11,November,11,2024-11-01,5.3
California,06,LAUST060000000000003,2024,M10,October,10,2024-10-01,5.3
California,06,LAUST060000000000003,2024,M09,September,9,2024-09-01,5.2
California,06,LAUST060000000000003,2024,M08,August,8,2024-08-01,5.8
California,06,LAUST060000000000003,2024,M07,July,7,2024-07-01,5.9
California,06,LAUST060000000000003,2024,M06,June,6,2024-06-01,5.5
California,06,LAUST060000000000003,2024,M05,May,5,2024-05-01,4.7
California,06,LAUST060000000000003,2024,M04,April,4,2024-04-01,4.8
California,06,LAUST060000000000003,2024,M03,March,3,2024-03-01,5.2
California,06,LAUST060000000000003,2024,M02,February,2,2024-02-01,5.4
California,06,LAUST060000000000003,2024,M01,January,1,2024-01-01,5.4
Colorado,08,LAUST080000000000003,2025,M12,December,12,2025-12-01,3.6
Colorado,08,LAUST080000000000003,2025,M11,November,11,2025-11-01,3.8
Colorado,08,LAUST080000000000003,2025,M09,September,9,2025-09-01,3.8
Colorado,08,LAUST080000000000003,2025,M08,August,8,2025-08-01,3.9
Colorado,08,LAUST080000000000003,2025,M07,July,7,2025-07-01,4.1
Colorado,08,LAUST080000000000003,2025,M06,June,6,2025-06-01,4
Colorado,08,LAUST080000000000003,2025,M05,May,5,2025-05-01,4
Colorado,08,LAUST080000000000003,2025,M04,April,4,2025-04-01,3.9
Colorado,08,LAUST080000000000003,2025,M03,March,3,2025-03-01,4.2
Colorado,08,LAUST080000000000003,2025,M02,February,2,2025-02-01,4.6
Colorado,08,LAUST080000000000003,2025,M01,January,1,2025-01-01,4.5
Colorado,08,LAUST080000000000003,2024,M12,December,12,2024-12-01,4.2
Colorado,08,LAUST080000000000003,2024,M11,November,11,2024-11-01,4.4
Colorado,08,LAUST080000000000003,2024,M10,October,10,2024-10-01,4.2
Colorado,08,LAUST080000000000003,2024,M09,September,9,2024-09-01,4.1
Colorado,08,LAUST080000000000003,2024,M08,August,8,2024-08-01,4.4
Colorado,08,LAUST080000000000003,2024,M07,July,7,2024-07-01,4.4
Colorado,08,LAUST080000000000003,2024,M06,June,6,2024-06-01,4.3
Colorado,08,LAUST080000000000003,2024,M05,May,5,2024-05-01,3.9
Colorado,08,LAUST080000000000003,2024,M04,April,4,2024-04-01,3.7
Colorado,08,LAUST080000000000003,2024,M03,March,3,2024-03-01,3.7
Colorado,08,LAUST080000000000003,2024,M02,February,2,2024-02-01,4.2
Colorado,08,LAUST080000000000003,2024,M01,January,1,2024-01-01,4.1
Connecticut,09,LAUST090000000000003,2025,M12,December,12,2025-12-01,4.1
Connecticut,09,LAUST090000000000003,2025,M11,November,11,2025-11-01,4.4
Connecticut,09,LAUST090000000000003,2025,M09,September,9,2025-09-01,4
Connecticut,09,LAUST090000000000003,2025,M08,August,8,2025-08-01,4.1
Connecticut,09,LAUST090000000000003,2025,M07,July,7,2025-07-01,4.3
Connecticut,09,LAUST090000000000003,2025,M06,June,6,2025-06-01,3.6
Connecticut,09,LAUST090000000000003,2025,M05,May,5,2025-05-01,3.8
Connecticut,09,LAUST090000000000003,2025,M04,April,4,2025-04-01,3.3
Connecticut,09,LAUST090000000000003,2025,M03,March,3,2025-03-01,3.9
Connecticut,09,LAUST090000000000003,2025,M02,February,2,2025-02-01,4.3
Connecticut,09,LAUST090000000000003,2025,M01,January,1,2025-01-01,4.1
Connecticut,09,LAUST090000000000003,2024,M12,December,12,2024-12-01,3
Connecticut,09,LAUST090000000000003,2024,M11,November,11,2024-11-01,3.2
Connecticut,09,LAUST090000000000003,2024,M10,October,10,2024-10-01,3.2
Connecticut,09,LAUST090000000000003,2024,M09,September,9,2024-09-01,3
Connecticut,09,LAUST090000000000003,2024,M08,August,8,2024-08-01,3.5
Connecticut,09,LAUST090000000000003,2024,M07,July,7,2024-07-01,3.8
Connecticut,09,LAUST090000000000003,2024,M06,June,6,2024-06-01,3
Connecticut,09,LAUST090000000000003,2024,M05,May,5,2024-05-01,3.2
Connecticut,09,LAUST090000000000003,2024,M04,April,4,2024-04-01,2.7
Connecticut,09,LAUST090000000000003,2024,M03,March,3,2024-03-01,3.3
Connecticut,09,LAUST090000000000003,2024,M02,February,2,2024-02-01,3.9
Connecticut,09,LAUST090000000000003,2024,M01,January,1,2024-01-01,3.7
Delaware,10,LAUST100000000000003,2025,M12,December,12,2025-12-01,5.2
Delaware,10,LAUST100000000000003,2025,M11,November,11,2025-11-01,5.5
Delaware,10,LAUST100000000000003,2025,M09,September,9,2025-09-01,5
Delaware,10,LAUST100000000000003,2025,M08,August,8,2025-08-01,5.4
Delaware,10,LAUST100000000000003,2025,M07,July,7,2025-07-01,5.1
Delaware,10,LAUST100000000000003,2025,M06,June,6,2025-06-01,4.8
Delaware,10,LAUST100000000000003,2025,M05,May,5,2025-05-01,4.2
Delaware,10,LAUST100000000000003,2025,M04,April,4,2025-04-01,4.2
Delaware,10,LAUST100000000000003,2025,M03,March,3,2025-03-01,4.5
Delaware,10,LAUST100000000000003,2025,M02,February,2,2025-02-01,4.6
Delaware,10,LAUST100000000000003,2025,M01,January,1,2025-01-01,4.4
Delaware,10,LAUST100000000000003,2024,M12,December,12,2024-12-01,3.6
Delaware,10,LAUST100000000000003,2024,M11,November,11,2024-11-01,3.6
Delaware,10,LAUST100000000000003,2024,M10,October,10,2024-10-01,3.7
Delaware,10,LAUST100000000000003,2024,M09,September,9,2024-09-01,3.6
Delaware,10,LAUST100000000000003,2024,M08,August,8,2024-08-01,4.4
Delaware,10,LAUST100000000000003,2024,M07,July,7,2024-07-01,4.4
Delaware,10,LAUST100000000000003,2024,M06,June,6,2024-06-01,4.3
Delaware,10,LAUST100000000000003,2024,M05,May,5,2024-05-01,3.6
Delaware,10,LAUST100000000000003,2024,M04,April,4,2024-04-01,3.6
Delaware,10,LAUST100000000000003,2024,M03,March,3,2024-03-01,4
Delaware,10,LAUST100000000000003,2024,M02,February,2,2024-02-01,4.1
Delaware,10,LAUST100000000000003,2024,M01,January,1,2024-01-01,4.1
District of Columbia,11,LAUST110000000000003,2025,M12,December,12,2025-12-01,6.4
District of Columbia,11,LAUST110000000000003,2025,M11,November,11,2025-11-01,6.8
District of Columbia,11,LAUST110000000000003,2025,M09,September,9,2025-09-01,6.8
District of Columbia,11,LAUST110000000000003,2025,M08,August,8,2025-08-01,7.1
District of Columbia,11,LAUST110000000000003,2025,M07,July,7,2025-07-01,6.8
District of Columbia,11,LAUST110000000000003,2025,M06,June,6,2025-06-01,6.4
District of Columbia,11,LAUST110000000000003,2025,M05,May,5,2025-05-01,5.8
District of Columbia,11,LAUST110000000000003,2025,M04,April,4,2025-04-01,5.5
District of Columbia,11,LAUST110000000000003,2025,M03,March,3,2025-03-01,6.1
District of Columbia,11,LAUST110000000000003,2025,M02,February,2,2025-02-01,6
District of Columbia,11,LAUST110000000000003,2025,M01,January,1,2025-01-01,5.8
District of Columbia,11,LAUST110000000000003,2024,M12,December,12,2024-12-01,5.1
District of Columbia,11,LAUST110000000000003,2024,M11,November,11,2024-11-01,5.2
District of Columbia,11,LAUST110000000000003,2024,M10,October,10,2024-10-01,5.2
District of Columbia,11,LAUST110000000000003,2024,M09,September,9,2024-09-01,5.3
District of Columbia,11,LAUST110000000000003,2024,M08,August,8,2024-08-01,6.1
District of Columbia,11,LAUST110000000000003,2024,M07,July,7,2024-07-01,6
District of Columbia,11,LAUST110000000000003,2024,M06,June,6,2024-06-01,5.7
District of Columbia,11,LAUST110000000000003,2024,M05,May,5,2024-05-01,5
District of Columbia,11,LAUST110000000000003,2024,M04,April,4,2024-04-01,4.5
District of Columbia,11,LAUST110000000000003,2024,M03,March,3,2024-03-01,5
District of Columbia,11,LAUST110000000000003,2024,M02,February,2,2024-02-01,5.2
District of Columbia,11,LAUST110000000000003,2024,M01,January,1,2024-01-01,5.2
Florida,12,LAUST120000000000003,2025,M12,December,12,2025-12-01,4.4
Florida,12,LAUST120000000000003,2025,M11,November,11,2025-11-01,4.8
Florida,12,LAUST120000000000003,2025,M09,September,9,2025-09-01,4.2
Florida,12,LAUST120000000000003,2025,M08,August,8,2025-08-01,4.3
Florida,12,LAUST120000000000003,2025,M07,July,7,2025-07-01,4.1
Florida,12,LAUST120000000000003,2025,M06,June,6,2025-06-01,3.9
Florida,12,LAUST120000000000003,2025,M05,May,5,2025-05-01,3.5
Florida,12,LAUST120000000000003,2025,M04,April,4,2025-04-01,3.4
Florida,12,LAUST120000000000003,2025,M03,March,3,2025-03-01,3.5
Florida,12,LAUST120000000000003,2025,M02,February,2,2025-02-01,3.5
Florida,12,LAUST120000000000003,2025,M01,January,1,2025-01-01,3.6
Florida,12,LAUST120000000000003,2024,M12,December,12,2024-12-01,3.2
Florida,12,LAUST120000000000003,2024,M11,November,11,2024-11-01,3.6
Florida,12,LAUST120000000000003,2024,M10,October,10,2024-10-01,3.5
Florida,12,LAUST120000000000003,2024,M09,September,9,2024-09-01,3.5
Florida,12,LAUST120000000000003,2024,M08,August,8,2024-08-01,3.8
Florida,12,LAUST120000000000003,2024,M07,July,7,2024-07-01,3.8
Florida,12,LAUST120000000000003,2024,M06,June,6,2024-06-01,3.6
Florida,12,LAUST120000000000003,2024,M05,May,5,2024-05-01,3.1
Florida,12,LAUST120000000000003,2024,M04,April,4,2024-04-01,2.9
Florida,12,LAUST120000000000003,2024,M03,March,3,2024-03-01,3.1
Florida,12,LAUST120000000000003,2024,M02,February,2,2024-02-01,3.1
Florida,12,LAUST120000000000003,2024,M01,January,1,2024-01-01,3.2
Georgia,13,LAUST130000000000003,2025,M12,December,12,2025-12-01,3.3
Georgia,13,LAUST130000000000003,2025,M11,November,11,2025-11-01,3.6
Georgia,13,LAUST130000000000003,2025,M09,September,9,2025-09-01,3.4
Georgia,13,LAUST130000000000003,2025,M08,August,8,2025-08-01,3.6
Georgia,13,LAUST130000000000003,2025,M07,July,7,2025-07-01,3.6
Georgia,13,LAUST130000000000003,2025,M06,June,6,2025-06-01,3.6
Georgia,13,LAUST130000000000003,2025,M05,May,5,2025-05-01,3.3
Georgia,13,LAUST130000000000003,2025,M04,April,4,2025-04-01,2.9
Georgia,13,LAUST130000000000003,2025,M03,March,3,2025-03-01,3.4
Georgia,13,LAUST130000000000003,2025,M02,February,2,2025-02-01,3.5
Georgia,13,LAUST130000000000003,2025,M01,January,1,2025-01-01,3.4
Georgia,13,LAUST130000000000003,2024,M12,December,12,2024-12-01,3.2
Georgia,13,LAUST130000000000003,2024,M11,November,11,2024-11-01,3.4
Georgia,13,LAUST130000000000003,2024,M10,October,10,2024-10-01,3.4
Georgia,13,LAUST130000000000003,2024,M09,September,9,2024-09-01,3.3
Georgia,13,LAUST130000000000003,2024,M08,August,8,2024-08-01,3.9
Georgia,13,LAUST130000000000003,2024,M07,July,7,2024-07-01,3.8
Georgia,13,LAUST130000000000003,2024,M06,June,6,2024-06-01,3.9
Georgia,13,LAUST130000000000003,2024,M05,May,5,2024-05-01,3.4
Georgia,13,LAUST130000000000003,2024,M04,April,4,2024-04-01,2.9
Georgia,13,LAUST130000000000003,2024,M03,March,3,2024-03-01,3.3
Georgia,13,LAUST130000000000003,2024,M02,February,2,2024-02-01,3.3
Georgia,13,LAUST130000000000003,2024,M01,January,1,2024-01-01,3.3
Hawaii,15,LAUST150000000000003,2025,M12,December,12,2025-12-01,2.2
Hawaii,15,LAUST150000000000003,2025,M11,November,11,2025-11-01,2.6
Hawaii,15,LAUST150000000000003,2025,M09,September,9,2025-09-01,2.2
Hawaii,15,LAUST150000000000003,2025,M08,August,8,2025-08-01,2.2
Hawaii,15,LAUST150000000000003,2025,M07,July,7,2025-07-01,2.3
Hawaii,15,LAUST150000000000003,2025,M06,June,6,2025-06-01,2.8
Hawaii,15,LAUST150000000000003,2025,M05,May,5,2025-05-01,2.2
Hawaii,15,LAUST150000000000003,2025,M04,April,4,2025-04-01,2.2
Hawaii,15,LAUST150000000000003,2025,M03,March,3,2025-03-01,2.3
Hawaii,15,LAUST150000000000003,2025,M02,February,2,2025-02-01,2.4
Hawaii,15,LAUST150000000000003,2025,M01,January,1,2025-01-01,2.5
Hawaii,15,LAUST150000000000003,2024,M12,December,12,2024-12-01,2.4
Hawaii,15,LAUST150000000000003,2024,M11,November,11,2024-11-01,2.8
Hawaii,15,LAUST150000000000003,2024,M10,October,10,2024-10-01,2.7
Hawaii,15,LAUST150000000000003,2024,M09,September,9,2024-09-01,2.9
Hawaii,15,LAUST150000000000003,2024,M08,August,8,2024-08-01,3
Hawaii,15,LAUST150000000000003,2024,M07,July,7,2024-07-01,3
Hawaii,15,LAUST150000000000003,2024,M06,June,6,2024-06-01,3.3
Hawaii,15,LAUST150000000000003,2024,M05,May,5,2024-05-01,2.4
Hawaii,15,LAUST150000000000003,2024,M04,April,4,2024-04-01,2.5
Hawaii,15,LAUST150000000000003,2024,M03,March,3,2024-03-01,2.5
Hawaii,15,LAUST150000000000003,2024,M02,February,2,2024-02-01,2.7
Hawaii,15,LAUST150000000000003,2024,M01,January,1,2024-01-01,2.8
Idaho,16,LAUST160000000000003,2025,M12,December,12,2025-12-01,3.5
Idaho,16,LAUST160000000000003,2025,M11,November,11,2025-11-01,3.5
Idaho,16,LAUST160000000000003,2025,M09,September,9,2025-09-01,3.3
Idaho,16,LAUST160000000000003,2025,M08,August,8,2025-08-01,3.5
Idaho,16,LAUST160000000000003,2025,M07,July,7,2025-07-01,3.6
Idaho,16,LAUST160000000000003,2025,M06,June,6,2025-06-01,3.5
Idaho,16,LAUST160000000000003,2025,M05,May,5,2025-05-01,3.3
Idaho,16,LAUST160000000000003,2025,M04,April,4,2025-04-01,3.5
Idaho,16,LAUST160000000000003,2025,M03,March,3,2025-03-01,4.1
Idaho,16,LAUST160000000000003,2025,M02,February,2,2025-02-01,4.3
Idaho,16,LAUST160000000000003,2025,M01,January,1,2025-01-01,4.3
Idaho,16,LAUST160000000000003,2024,M12,December,12,2024-12-01,3.6
Idaho,16,LAUST160000000000003,2024,M11,November,11,2024-11-01,3.5
Idaho,16,LAUST160000000000003,2024,M10,October,10,2024-10-01,3.2
Idaho,16,LAUST160000000000003,2024,M09,September,9,2024-09-01,3.1
Idaho,16,LAUST160000000000003,2024,M08,August,8,2024-08-01,3.5
Idaho,16,LAUST160000000000003,2024,M07,July,7,2024-07-01,3.6
Idaho,16,LAUST160000000000003,2024,M06,June,6,2024-06-01,3.5
Idaho,16,LAUST160000000000003,2024,M05,May,5,2024-05-01,3.3
Idaho,16,LAUST160000000000003,2024,M04,April,4,2024-04-01,3.4
Idaho,16,LAUST160000000000003,2024,M03,March,3,2024-03-01,4
Idaho,16,LAUST160000000000003,2024,M02,February,2,2024-02-01,4.2
Idaho,16,LAUST160000000000003,2024,M01,January,1,2024-01-01,4
Illinois,17,LAUST170000000000003,2025,M12,December,12,2025-12-01,4.8
Illinois,17,LAUST170000000000003,2025,M11,November,11,2025-11-01,4.8
Illinois,17,LAUST170000000000003,2025,M09,September,9,2025-09-01,4.3
Illinois,17,LAUST170000000000003,2025,M08,August,8,2025-08-01,4.6
Illinois,17,LAUST170000000000003,2025,M07,July,7,2025-07-01,4.7
Illinois,17,LAUST170000000000003,2025,M06,June,6,2025-06-01,4.6
Illinois,17,LAUST170000000000003,2025,M05,May,5,2025-05-01,4.2
Illinois,17,LAUST170000000000003,2025,M04,April,4,2025-04-01,4.2
Illinois,17,LAUST170000000000003,2025,M03,March,3,2025-03-01,4.7
Illinois,17,LAUST170000000000003,2025,M02,February,2,2025-02-01,5
Illinois,17,LAUST170000000000003,2025,M01,January,1,2025-01-01,5
Illinois,17,LAUST170000000000003,2024,M12,December,12,2024-12-01,4.3
Illinois,17,LAUST170000000000003,2024,M11,November,11,2024-11-01,4.5
Illinois,17,LAUST170000000000003,2024,M10,October,10,2024-10-01,4.7
Illinois,17,LAUST170000000000003,2024,M09,September,9,2024-09-01,4.8
Illinois,17,LAUST170000000000003,2024,M08,August,8,2024-08-01,5.4
Illinois,17,LAUST170000000000003,2024,M07,July,7,2024-07-01,5.7
Illinois,17,LAUST170000000000003,2024,M06,June,6,2024-06-01,5.7
Illinois,17,LAUST170000000000003,2024,M05,May,5,2024-05-01,4.8
Illinois,17,LAUST170000000000003,2024,M04,April,4,2024-04-01,4.6
Illinois,17,LAUST170000000000003,2024,M03,March,3,2024-03-01,5
Illinois,17,LAUST170000000000003,2024,M02,February,2,2024-02-01,5.3
Illinois,17,LAUST170000000000003,2024,M01,January,1,2024-01-01,5.2
Indiana,18,LAUST180000000000003,2025,M12,December,12,2025-12-01,2.6
Indiana,18,LAUST180000000000003,2025,M11,November,11,2025-11-01,3.1
Indiana,18,LAUST180000000000003,2025,M09,September,9,2025-09-01,3.5
Indiana,18,LAUST180000000000003,2025,M08,August,8,2025-08-01,3.8
Indiana,18,LAUST180000000000003,2025,M07,July,7,2025-07-01,4.2
Indiana,18,LAUST180000000000003,2025,M06,June,6,2025-06-01,3.9
Indiana,18,LAUST180000000000003,2025,M05,May,5,2025-05-01,3.6
Indiana,18,LAUST180000000000003,2025,M04,April,4,2025-04-01,3.3
Indiana,18,LAUST180000000000003,2025,M03,March,3,2025-03-01,3.8
Indiana,18,LAUST180000000000003,2025,M02,February,2,2025-02-01,4.3
Indiana,18,LAUST180000000000003,2025,M01,January,1,2025-01-01,4.2
Indiana,18,LAUST180000000000003,2024,M12,December,12,2024-12-01,3.6
Indiana,18,LAUST180000000000003,2024,M11,November,11,2024-11-01,3.9
Indiana,18,LAUST180000000000003,2024,M10,October,10,2024-10-01,3.8
Indiana,18,LAUST180000000000003,2024,M09,September,9,2024-09-01,3.8
Indiana,18,LAUST180000000000003,2024,M08,August,8,2024-08-01,4.3
Indiana,18,LAUST180000000000003,2024,M07,July,7,2024-07-01,4.7
Indiana,18,LAUST180000000000003,2024,M06,June,6,2024-06-01,4.3
Indiana,18,LAUST180000000000003,2024,M05,May,5,2024-05-01,3.9
Indiana,18,LAUST180000000000003,2024,M04,April,4,2024-04-01,3.5
Indiana,18,LAUST180000000000003,2024,M03,March,3,2024-03-01,4.2
Indiana,18,LAUST180000000000003,2024,M02,February,2,2024-02-01,4.4
Indiana,18,LAUST180000000000003,2024,M01,January,1,2024-01-01,4
Iowa,19,LAUST190000000000003,2025,M12,December,12,2025-12-01,3.3
Iowa,19,LAUST190000000000003,2025,M11,November,11,2025-11-01,3.2
Iowa,19,LAUST190000000000003,2025,M09,September,9,2025-09-01,3.1
Iowa,19,LAUST190000000000003,2025,M08,August,8,2025-08-01,3.8
Iowa,19,LAUST190000000000003,2025,M07,July,7,2025-07-01,3.7
Iowa,19,LAUST190000000000003,2025,M06,June,6,2025-06-01,3.5
Iowa,19,LAUST190000000000003,2025,M05,May,5,2025-05-01,3.3
Iowa,19,LAUST190000000000003,2025,M04,April,4,2025-04-01,3.1
Iowa,19,LAUST190000000000003,2025,M03,March,3,2025-03-01,3.7
Iowa,19,LAUST190000000000003,2025,M02,February,2,2025-02-01,3.8
Iowa,19,LAUST190000000000003,2025,M01,January,1,2025-01-01,4.2
Iowa,19,LAUST190000000000003,2024,M12,December,12,2024-12-01,3.3
Iowa,19,LAUST190000000000003,2024,M11,November,11,2024-11-01,3.3
Iowa,19,LAUST190000000000003,2024,M10,October,10,2024-10-01,3.3
Iowa,19,LAUST190000000000003,2024,M09,September,9,2024-09-01,3
Iowa,19,LAUST190000000000003,2024,M08,August,8,2024-08-01,3.6
Iowa,19,LAUST190000000000003,2024,M07,July,7,2024-07-01,3.6
Iowa,19,LAUST190000000000003,2024,M06,June,6,2024-06-01,3.2
Iowa,19,LAUST190000000000003,2024,M05,May,5,2024-05-01,2.7
Iowa,19,LAUST190000000000003,2024,M04,April,4,2024-04-01,2.3
Iowa,19,LAUST190000000000003,2024,M03,March,3,2024-03-01,2.8
Iowa,19,LAUST190000000000003,2024,M02,February,2,2024-02-01,3.2
Iowa,19,LAUST190000000000003,2024,M01,January,1,2024-01-01,3.6
Kansas,20,LAUST200000000000003,2025,M12,December,12,2025-12-01,3.4
Kansas,20,LAUST200000000000003,2025,M11,November,11,2025-11-01,3.4
Kansas,20,LAUST200000000000003,2025,M09,September,9,2025-09-01,3.6
Kansas,20,LAUST200000000000003,2025,M08,August,8,2025-08-01,4.2
Kansas,20,LAUST200000000000003,2025,M07,July,7,2025-07-01,4.3
Kansas,20,LAUST200000000000003,2025,M06,June,6,2025-06-01,4
Kansas,20,LAUST200000000000003,2025,M05,May,5,2025-05-01,3.6
Kansas,20,LAUST200000000000003,2025,M04,April,4,2025-04-01,3.5
Kansas,20,LAUST200000000000003,2025,M03,March,3,2025-03-01,3.8
Kansas,20,LAUST200000000000003,2025,M02,February,2,2025-02-01,4
Kansas,20,LAUST200000000000003,2025,M01,January,1,2025-01-01,3.8
Kansas,20,LAUST200000000000003,2024,M12,December,12,2024-12-01,3.3
Kansas,20,LAUST200000000000003,2024,M11,November,11,2024-11-01,3.4
Kansas,20,LAUST200000000000003,2024,M10,October,10,2024-10-01,3.6
Kansas,20,LAUST200000000000003,2024,M09,September,9,2024-09-01,3.4
Kansas,20,LAUST200000000000003,2024,M08,August,8,2024-08-01,4.1
Kansas,20,LAUST200000000000003,2024,M07,July,7,2024-07-01,4.3
Kansas,20,LAUST200000000000003,2024,M06,June,6,2024-06-01,3.9
Kansas,20,LAUST200000000000003,2024,M05,May,5,2024-05-01,3.3
Kansas,20,LAUST200000000000003,2024,M04,April,4,2024-04-01,3.1
Kansas,20,LAUST200000000000003,2024,M03,March,3,2024-03-01,3.3
Kansas,20,LAUST200000000000003,2024,M02,February,2,2024-02-01,3.5
Kansas,20,LAUST200000000000003,2024,M01,January,1,2024-01-01,3.1
Kentucky,21,LAUST210000000000003,2025,M12,December,12,2025-12-01,3.5
Kentucky,21,LAUST210000000000003,2025,M11,November,11,2025-11-01,3.9
Kentucky,21,LAUST210000000000003,2025,M09,September,9,2025-09-01,4.4
Kentucky,21,LAUST210000000000003,2025,M08,August,8,2025-08-01,4.4
Kentucky,21,LAUST210000000000003,2025,M07,July,7,2025-07-01,5.3
Kentucky,21,LAUST210000000000003,2025,M06,June,6,2025-06-01,4.9
Kentucky,21,LAUST210000000000003,2025,M05,May,5,2025-05-01,4.4
Kentucky,21,LAUST210000000000003,2025,M04,April,4,2025-04-01,4.2
Kentucky,21,LAUST210000000000003,2025,M03,March,3,2025-03-01,5.1
Kentucky,21,LAUST210000000000003,2025,M02,February,2,2025-02-01,5.2
Kentucky,21,LAUST210000000000003,2025,M01,January,1,2025-01-01,5.2
Kentucky,21,LAUST210000000000003,2024,M12,December,12,2024-12-01,4.4
Kentucky,21,LAUST210000000000003,2024,M11,November,11,2024-11-01,4.6
Kentucky,21,LAUST210000000000003,2024,M10,October,10,2024-10-01,4.5
Kentucky,21,LAUST210000000000003,2024,M09,September,9,2024-09-01,4.6
Kentucky,21,LAUST210000000000003,2024,M08,August,8,2024-08-01,4.9
Kentucky,21,LAUST210000000000003,2024,M07,July,7,2024-07-01,5.7
Kentucky,21,LAUST210000000000003,2024,M06,June,6,2024-06-01,5.2
Kentucky,21,LAUST210000000000003,2024,M05,May,5,2024-05-01,4.5
Kentucky,21,LAUST210000000000003,2024,M04,April,4,2024-04-01,4.2
Kentucky,21,LAUST210000000000003,2024,M03,March,3,2024-03-01,5.1
Kentucky,21,LAUST210000000000003,2024,M02,February,2,2024-02-01,5.2
Kentucky,21,LAUST210000000000003,2024,M01,January,1,2024-01-01,4.9
Louisiana,22,LAUST220000000000003,2025,M12,December,12,2025-12-01,3.9
Louisiana,22,LAUST220000000000003,2025,M11,November,11,2025-11-01,4.3
Louisiana,22,LAUST220000000000003,2025,M09,September,9,2025-09-01,4.4
Louisiana,22,LAUST220000000000003,2025,M08,August,8,2025-08-01,4.4
Louisiana,22,LAUST220000000000003,2025,M07,July,7,2025-07-01,4.6
Louisiana,22,LAUST220000000000003,2025,M06,June,6,2025-06-01,4.8
Louisiana,22,LAUST220000000000003,2025,M05,May,5,2025-05-01,4.3
Louisiana,22,LAUST220000000000003,2025,M04,April,4,2025-04-01,3.8
Louisiana,22,LAUST220000000000003,2025,M03,March,3,2025-03-01,4.2
Louisiana,22,LAUST220000000000003,2025,M02,February,2,2025-02-01,4.1
Louisiana,22,LAUST220000000000003,2025,M01,January,1,2025-01-01,4.4
Louisiana,22,LAUST220000000000003,2024,M12,December,12,2024-12-01,4
Louisiana,22,LAUST220000000000003,2024,M11,November,11,2024-11-01,4.3
Louisiana,22,LAUST220000000000003,2024,M10,October,10,2024-10-01,4.5
Louisiana,22,LAUST220000000000003,2024,M09,September,9,2024-09-01,4.5
Louisiana,22,LAUST220000000000003,2024,M08,August,8,2024-08-01,4.7
Louisiana,22,LAUST220000000000003,2024,M07,July,7,2024-07-01,4.8
Louisiana,22,LAUST220000000000003,2024,M06,June,6,2024-06-01,4.8
Louisiana,22,LAUST220000000000003,2024,M05,May,5,2024-05-01,3.9
Louisiana,22,LAUST220000000000003,2024,M04,April,4,2024-04-01,3.6
Louisiana,22,LAUST220000000000003,2024,M03,March,3,2024-03-01,4
Louisiana,22,LAUST220000000000003,2024,M02,February,2,2024-02-01,4.2
Louisiana,22,LAUST220000000000003,2024,M01,January,1,2024-01-01,4.3
Maine,23,LAUST230000000000003,2025,M12,December,12,2025-12-01,3.3
Maine,23,LAUST230000000000003,2025,M11,November,11,2025-11-01,3.4
Maine,23,LAUST230000000000003,2025,M09,September,9,2025-09-01,3
Maine,23,LAUST230000000000003,2025,M08,August,8,2025-08-01,3
Maine,23,LAUST230000000000003,2025,M07,July,7,2025-07-01,3
Maine,23,LAUST230000000000003,2025,M06,June,6,2025-06-01,2.8
Maine,23,LAUST230000000000003,2025,M05,May,5,2025-05-01,3.3
Maine,23,LAUST230000000000003,2025,M04,April,4,2025-04-01,3.4
Maine,23,LAUST230000000000003,2025,M03,March,3,2025-03-01,3.8
Maine,23,LAUST230000000000003,2025,M02,February,2,2025-02-01,4
Maine,23,LAUST230000000000003,2025,M01,January,1,2025-01-01,3.9
Maine,23,LAUST230000000000003,2024,M12,December,12,2024-12-01,3.3
Maine,23,LAUST230000000000003,2024,M11,November,11,2024-11-01,3.3
Maine,23,LAUST230000000000003,2024,M10,October,10,2024-10-01,2.8
Maine,23,LAUST230000000000003,2024,M09,September,9,2024-09-01,2.6
Maine,23,LAUST230000000000003,2024,M08,August,8,2024-08-01,2.7
Maine,23,LAUST230000000000003,2024,M07,July,7,2024-07-01,2.8
Maine,23,LAUST230000000000003,2024,M06,June,6,2024-06-01,2.6
Maine,23,LAUST230000000000003,2024,M05,May,5,2024-05-01,2.8
Maine,23,LAUST230000000000003,2024,M04,April,4,2024-04-01,2.9
Maine,23,LAUST230000000000003,2024,M03,March,3,2024-03-01,3.3
Maine,23,LAUST230000000000003,2024,M02,February,2,2024-02-01,3.6
Maine,23,LAUST230000000000003,2024,M01,January,1,2024-01-01,3.4
Maryland,24,LAUST240000000000003,2025,M12,December,12,2025-12-01,3.7
Maryland,24,LAUST240000000000003,2025,M11,November,11,2025-11-01,4.2
Maryland,24,LAUST240000000000003,2025,M09,September,9,2025-09-01,4.3
Maryland,24,LAUST240000000000003,2025,M08,August,8,2025-08-01,4.6
Maryland,24,LAUST240000000000003,2025,M07,July,7,2025-07-01,4.4
Maryland,24,LAUST240000000000003,2025,M06,June,6,2025-06-01,4.2
Maryland,24,LAUST240000000000003,2025,M05,May,5,2025-05-01,3.7
Maryland,24,LAUST240000000000003,2025,M04,April,4,2025-04-01,3.4
Maryland,24,LAUST240000000000003,2025,M03,March,3,2025-03-01,3.8
Maryland,24,LAUST240000000000003,2025,M02,February,2,2025-02-01,3.9
Maryland,24,LAUST240000000000003,2025,M01,January,1,2025-01-01,3.6
Maryland,24,LAUST240000000000003,2024,M12,December,12,2024-12-01,3
Maryland,24,LAUST240000000000003,2024,M11,November,11,2024-11-01,3.4
Maryland,24,LAUST240000000000003,2024,M10,October,10,2024-10-01,3.3
Maryland,24,LAUST240000000000003,2024,M09,September,9,2024-09-01,3.1
Maryland,24,LAUST240000000000003,2024,M08,August,8,2024-08-01,3.6
Maryland,24,LAUST240000000000003,2024,M07,July,7,2024-07-01,3.6
Maryland,24,LAUST240000000000003,2024,M06,June,6,2024-06-01,3.5
Maryland,24,LAUST240000000000003,2024,M05,May,5,2024-05-01,2.7
Maryland,24,LAUST240000000000003,2024,M04,April,4,2024-04-01,2.6
Maryland,24,LAUST240000000000003,2024,M03,March,3,2024-03-01,3
Maryland,24,LAUST240000000000003,2024,M02,February,2,2024-02-01,3.2
Maryland,24,LAUST240000000000003,2024,M01,January,1,2024-01-01,3
Massachusetts,25,LAUST250000000000003,2025,M12,December,12,2025-12-01,4.6
Massachusetts,25,LAUST250000000000003,2025,M11,November,11,2025-11-01,4.6
Massachusetts,25,LAUST250000000000003,2025,M09,September,9,2025-09-01,4.4
Massachusetts,25,LAUST250000000000003,2025,M08,August,8,2025-08-01,4.6
Massachusetts,25,LAUST250000000000003,2025,M07,July,7,2025-07-01,4.7
Massachusetts,25,LAUST250000000000003,2025,M06,June,6,2025-06-01,4.5
Massachusetts,25,LAUST250000000000003,2025,M05,May,5,2025-05-01,4.4
Massachusetts,25,LAUST250000000000003,2025,M04,April,4,2025-04-01,4
Massachusetts,25,LAUST250000000000003,2025,M03,March,3,2025-03-01,4.5
Massachusetts,25,LAUST250000000000003,2025,M02,February,2,2025-02-01,4.8
Massachusetts,25,LAUST250000000000003,2025,M01,January,1,2025-01-01,4.6
Massachusetts,25,LAUST250000000000003,2024,M12,December,12,2024-12-01,3.9
Massachusetts,25,LAUST250000000000003,2024,M11,November,11,2024-11-01,3.8
Massachusetts,25,LAUST250000000000003,2024,M10,October,10,2024-10-01,3.8
Massachusetts,25,LAUST250000000000003,2024,M09,September,9,2024-09-01,3.7
Massachusetts,25,LAUST250000000000003,2024,M08,August,8,2024-08-01,4.3
Massachusetts,25,LAUST250000000000003,2024,M07,July,7,2024-07-01,4.5
Massachusetts,25,LAUST250000000000003,2024,M06,June,6,2024-06-01,4.1
Massachusetts,25,LAUST250000000000003,2024,M05,May,5,2024-05-01,3.9
Massachusetts,25,LAUST250000000000003,2024,M04,April,4,2024-04-01,3.4
Massachusetts,25,LAUST250000000000003,2024,M03,March,3,2024-03-01,4
Massachusetts,25,LAUST250000000000003,2024,M02,February,2,2024-02-01,4.3
Massachusetts,25,LAUST250000000000003,2024,M01,January,1,2024-01-01,4.1
Michigan,26,LAUST260000000000003,2025,M12,December,12,2025-12-01,4.8
Michigan,26,LAUST260000000000003,2025,M11,November,11,2025-11-01,4.8
Michigan,26,LAUST260000000000003,2025,M09,September,9,2025-09-01,4.6
Michigan,26,LAUST260000000000003,2025,M08,August,8,2025-08-01,4.9
Michigan,26,LAUST260000000000003,2025,M07,July,7,2025-07-01,5.7
Michigan,26,LAUST260000000000003,2025,M06,June,6,2025-06-01,5.2
Michigan,26,LAUST260000000000003,2025,M05,May,5,2025-05-01,5.1
Michigan,26,LAUST260000000000003,2025,M04,April,4,2025-04-01,4.7
Michigan,26,LAUST260000000000003,2025,M03,March,3,2025-03-01,5.5
Michigan,26,LAUST260000000000003,2025,M02,February,2,2025-02-01,5.7
Michigan,26,LAUST260000000000003,2025,M01,January,1,2025-01-01,5.7
Michigan,26,LAUST260000000000003,2024,M12,December,12,2024-12-01,5
Michigan,26,LAUST260000000000003,2024,M11,November,11,2024-11-01,4.8
Michigan,26,LAUST260000000000003,2024,M10,October,10,2024-10-01,4.8
Michigan,26,LAUST260000000000003,2024,M09,September,9,2024-09-01,4.6
Michigan,26,LAUST260000000000003,2024,M08,August,8,2024-08-01,4.9
Michigan,26,LAUST260000000000003,2024,M07,July,7,2024-07-01,5.8
Michigan,26,LAUST260000000000003,2024,M06,June,6,2024-06-01,5.1
Michigan,26,LAUST260000000000003,2024,M05,May,5,2024-05-01,4.4
Michigan,26,LAUST260000000000003,2024,M04,April,4,2024-04-01,3.9
Michigan,26,LAUST260000000000003,2024,M03,March,3,2024-03-01,4.3
Michigan,26,LAUST260000000000003,2024,M02,February,2,2024-02-01,4.4
Michigan,26,LAUST260000000000003,2024,M01,January,1,2024-01-01,4.2
Minnesota,27,LAUST270000000000003,2025,M12,December,12,2025-12-01,4.3
Minnesota,27,LAUST270000000000003,2025,M11,November,11,2025-11-01,4.1
Minnesota,27,LAUST270000000000003,2025,M09,September,9,2025-09-01,3.5
Minnesota,27,LAUST270000000000003,2025,M08,August,8,2025-08-01,4
Minnesota,27,LAUST270000000000003,2025,M07,July,7,2025-07-01,4
Minnesota,27,LAUST270000000000003,2025,M06,June,6,2025-06-01,4
Minnesota,27,LAUST270000000000003,2025,M05,May,5,2025-05-01,3.5
Minnesota,27,LAUST270000000000003,2025,M04,April,4,2025-04-01,3.5
Minnesota,27,LAUST270000000000003,2025,M03,March,3,2025-03-01,4.1
Minnesota,27,LAUST270000000000003,2025,M02,February,2,2025-02-01,4.1
Minnesota,27,LAUST270000000000003,2025,M01,January,1,2025-01-01,3.9
Minnesota,27,LAUST270000000000003,2024,M12,December,12,2024-12-01,3
Minnesota,27,LAUST270000000000003,2024,M11,November,11,2024-11-01,2.8
Minnesota,27,LAUST270000000000003,2024,M10,October,10,2024-10-01,2.6
Minnesota,27,LAUST270000000000003,2024,M09,September,9,2024-09-01,2.7
Minnesota,27,LAUST270000000000003,2024,M08,August,8,2024-08-01,3.4
Minnesota,27,LAUST270000000000003,2024,M07,July,7,2024-07-01,3.5
Minnesota,27,LAUST270000000000003,2024,M06,June,6,2024-06-01,3.5
Minnesota,27,LAUST270000000000003,2024,M05,May,5,2024-05-01,2.8
Minnesota,27,LAUST270000000000003,2024,M04,April,4,2024-04-01,2.9
Minnesota,27,LAUST270000000000003,2024,M03,March,3,2024-03-01,3.4
Minnesota,27,LAUST270000000000003,2024,M02,February,2,2024-02-01,3.6
Minnesota,27,LAUST270000000000003,2024,M01,January,1,2024-01-01,3.4
Mississippi,28,LAUST280000000000003,2025,M12,December,12,2025-12-01,3.1
Mississippi,28,LAUST280000000000003,2025,M11,November,11,2025-11-01,3.6
Mississippi,28,LAUST280000000000003,2025,M09,September,9,2025-09-01,3.6
Mississippi,28,LAUST280000000000003,2025,M08,August,8,2025-08-01,4.1
Mississippi,28,LAUST280000000000003,2025,M07,July,7,2025-07-01,4.4
Mississippi,28,LAUST280000000000003,2025,M06,June,6,2025-06-01,4.5
Mississippi,28,LAUST280000000000003,2025,M05,May,5,2025-05-01,3.7
Mississippi,28,LAUST280000000000003,2025,M04,April,4,2025-04-01,3.3
Mississippi,28,LAUST280000000000003,2025,M03,March,3,2025-03-01,3.8
Mississippi,28,LAUST280000000000003,2025,M02,February,2,2025-02-01,4
Mississippi,28,LAUST280000000000003,2025,M01,January,1,2025-01-01,3.9
Mississippi,28,LAUST280000000000003,2024,M12,December,12,2024-12-01,3.5
Mississippi,28,LAUST280000000000003,2024,M11,November,11,2024-11-01,3.4
Mississippi,28,LAUST280000000000003,2024,M10,October,10,2024-10-01,3.3
Mississippi,28,LAUST280000000000003,2024,M09,September,9,2024-09-01,3.3
Mississippi,28,LAUST280000000000003,2024,M08,August,8,2024-08-01,3.6
Mississippi,28,LAUST280000000000003,2024,M07,July,7,2024-07-01,3.8
Mississippi,28,LAUST280000000000003,2024,M06,June,6,2024-06-01,3.9
Mississippi,28,LAUST280000000000003,2024,M05,May,5,2024-05-01,2.9
Mississippi,28,LAUST280000000000003,2024,M04,April,4,2024-04-01,2
Mississippi,28,LAUST280000000000003,2024,M03,March,3,2024-03-01,2.5
Mississippi,28,LAUST280000000000003,2024,M02,February,2,2024-02-01,2.8
Mississippi,28,LAUST280000000000003,2024,M01,January,1,2024-01-01,3.1
Missouri,29,LAUST290000000000003,2025,M12,December,12,2025-12-01,3.3
Missouri,29,LAUST290000000000003,2025,M11,November,11,2025-11-01,3.4
Missouri,29,LAUST290000000000003,2025,M09,September,9,2025-09-01,3.5
Missouri,29,LAUST290000000000003,2025,M08,August,8,2025-08-01,4.3
Missouri,29,LAUST290000000000003,2025,M07,July,7,2025-07-01,4.5
Missouri,29,LAUST290000000000003,2025,M06,June,6,2025-06-01,4.2
Missouri,29,LAUST290000000000003,2025,M05,May,5,2025-05-01,3.9
Missouri,29,LAUST290000000000003,2025,M04,April,4,2025-04-01,3.7
Missouri,29,LAUST290000000000003,2025,M03,March,3,2025-03-01,4.4
Missouri,29,LAUST290000000000003,2025,M02,February,2,2025-02-01,4.5
Missouri,29,LAUST290000000000003,2025,M01,January,1,2025-01-01,4.4
Missouri,29,LAUST290000000000003,2024,M12,December,12,2024-12-01,3.4
Missouri,29,LAUST290000000000003,2024,M11,November,11,2024-11-01,3.4
Missouri,29,LAUST290000000000003,2024,M10,October,10,2024-10-01,3.3
Missouri,29,LAUST290000000000003,2024,M09,September,9,2024-09-01,3
Missouri,29,LAUST290000000000003,2024,M08,August,8,2024-08-01,4
Missouri,29,LAUST290000000000003,2024,M07,July,7,2024-07-01,4.4
Missouri,29,LAUST290000000000003,2024,M06,June,6,2024-06-01,4
Missouri,29,LAUST290000000000003,2024,M05,May,5,2024-05-01,3.7
Missouri,29,LAUST290000000000003,2024,M04,April,4,2024-04-01,3.3
Missouri,29,LAUST290000000000003,2024,M03,March,3,2024-03-01,3.9
Missouri,29,LAUST290000000000003,2024,M02,February,2,2024-02-01,4.1
Missouri,29,LAUST290000000000003,2024,M01,January,1,2024-01-01,3.9
Montana,30,LAUST300000000000003,2025,M12,December,12,2025-12-01,3.9
Montana,30,LAUST300000000000003,2025,M11,November,11,2025-11-01,3.5
Montana,30,LAUST300000000000003,2025,M09,September,9,2025-09-01,3.1
Montana,30,LAUST300000000000003,2025,M08,August,8,2025-08-01,3.2
Montana,30,LAUST300000000000003,2025,M07,July,7,2025-07-01,3.1
Montana,30,LAUST300000000000003,2025,M06,June,6,2025-06-01,3.2
Montana,30,LAUST300000000000003,2025,M05,May,5,2025-05-01,3
Montana,30,LAUST300000000000003,2025,M04,April,4,2025-04-01,3.1
Montana,30,LAUST300000000000003,2025,M03,March,3,2025-03-01,3.5
Montana,30,LAUST300000000000003,2025,M02,February,2,2025-02-01,3.7
Montana,30,LAUST300000000000003,2025,M01,January,1,2025-01-01,3.5
Montana,30,LAUST300000000000003,2024,M12,December,12,2024-12-01,3.1
Montana,30,LAUST300000000000003,2024,M11,November,11,2024-11-01,2.6
Montana,30,LAUST300000000000003,2024,M10,October,10,2024-10-01,2.4
Montana,30,LAUST300000000000003,2024,M09,September,9,2024-09-01,2.4
Montana,30,LAUST300000000000003,2024,M08,August,8,2024-08-01,2.9
Montana,30,LAUST300000000000003,2024,M07,July,7,2024-07-01,2.9
Montana,30,LAUST300000000000003,2024,M06,June,6,2024-06-01,3.1
Montana,30,LAUST300000000000003,2024,M05,May,5,2024-05-01,2.8
Montana,30,LAUST300000000000003,2024,M04,April,4,2024-04-01,2.9
Montana,30,LAUST300000000000003,2024,M03,March,3,2024-03-01,3.4
Montana,30,LAUST300000000000003,2024,M02,February,2,2024-02-01,3.7
Montana,30,LAUST300000000000003,2024,M01,January,1,2024-01-01,3.7
Nebraska,31,LAUST310000000000003,2025,M12,December,12,2025-12-01,3
Nebraska,31,LAUST310000000000003,2025,M11,November,11,2025-11-01,3
Nebraska,31,LAUST310000000000003,2025,M09,September,9,2025-09-01,2.8
Nebraska,31,LAUST310000000000003,2025,M08,August,8,2025-08-01,2.8
Nebraska,31,LAUST310000000000003,2025,M07,July,7,2025-07-01,3.1
Nebraska,31,LAUST310000000000003,2025,M06,June,6,2025-06-01,3.1
Nebraska,31,LAUST310000000000003,2025,M05,May,5,2025-05-01,2.8
Nebraska,31,LAUST310000000000003,2025,M04,April,4,2025-04-01,2.8
Nebraska,31,LAUST310000000000003,2025,M03,March,3,2025-03-01,2.9
Nebraska,31,LAUST310000000000003,2025,M02,February,2,2025-02-01,3.3
Nebraska,31,LAUST310000000000003,2025,M01,January,1,2025-01-01,3.2
Nebraska,31,LAUST310000000000003,2024,M12,December,12,2024-12-01,2.6
Nebraska,31,LAUST310000000000003,2024,M11,November,11,2024-11-01,2.6
Nebraska,31,LAUST310000000000003,2024,M10,October,10,2024-10-01,2.7
Nebraska,31,LAUST310000000000003,2024,M09,September,9,2024-09-01,2.5
Nebraska,31,LAUST310000000000003,2024,M08,August,8,2024-08-01,2.7
Nebraska,31,LAUST310000000000003,2024,M07,July,7,2024-07-01,3
Nebraska,31,LAUST310000000000003,2024,M06,June,6,2024-06-01,3.1
Nebraska,31,LAUST310000000000003,2024,M05,May,5,2024-05-01,2.6
Nebraska,31,LAUST310000000000003,2024,M04,April,4,2024-04-01,2.4
Nebraska,31,LAUST310000000000003,2024,M03,March,3,2024-03-01,2.6
Nebraska,31,LAUST310000000000003,2024,M02,February,2,2024-02-01,3
Nebraska,31,LAUST310000000000003,2024,M01,January,1,2024-01-01,2.8
Nevada,32,LAUST320000000000003,2025,M12,December,12,2025-12-01,4.9
Nevada,32,LAUST320000000000003,2025,M11,November,11,2025-11-01,5.2
Nevada,32,LAUST320000000000003,2025,M09,September,9,2025-09-01,5.4
Nevada,32,LAUST320000000000003,2025,M08,August,8,2025-08-01,5.3
Nevada,32,LAUST320000000000003,2025,M07,July,7,2025-07-01,5.5
Nevada,32,LAUST320000000000003,2025,M06,June,6,2025-06-01,5.4
Nevada,32,LAUST320000000000003,2025,M05,May,5,2025-05-01,5.2
Nevada,32,LAUST320000000000003,2025,M04,April,4,2025-04-01,5.1
Nevada,32,LAUST320000000000003,2025,M03,March,3,2025-03-01,5.2
Nevada,32,LAUST320000000000003,2025,M02,February,2,2025-02-01,5.4
Nevada,32,LAUST320000000000003,2025,M01,January,1,2025-01-01,5.5
Nevada,32,LAUST320000000000003,2024,M12,December,12,2024-12-01,5.2
Nevada,32,LAUST320000000000003,2024,M11,November,11,2024-11-01,5.3
Nevada,32,LAUST320000000000003,2024,M10,October,10,2024-10-01,5.3
Nevada,32,LAUST320000000000003,2024,M09,September,9,2024-09-01,5.3
Nevada,32,LAUST320000000000003,2024,M08,August,8,2024-08-01,5.7
Nevada,32,LAUST320000000000003,2024,M07,July,7,2024-07-01,5.9
Nevada,32,LAUST320000000000003,2024,M06,June,6,2024-06-01,5.7
Nevada,32,LAUST320000000000003,2024,M05,May,5,2024-05-01,5.2
Nevada,32,LAUST320000000000003,2024,M04,April,4,2024-04-01,5.1
Nevada,32,LAUST320000000000003,2024,M03,March,3,2024-03-01,5.3
Nevada,32,LAUST320000000000003,2024,M02,February,2,2024-02-01,5.4
Nevada,32,LAUST320000000000003,2024,M01,January,1,2024-01-01,5.3
New Hampshire,33,LAUST330000000000003,2025,M12,December,12,2025-12-01,3.1
New Hampshire,33,LAUST330000000000003,2025,M11,November,11,2025-11-01,3.2
New Hampshire,33,LAUST330000000000003,2025,M09,September,9,2025-09-01,3.1
New Hampshire,33,LAUST330000000000003,2025,M08,August,8,2025-08-01,3.2
New Hampshire,33,LAUST330000000000003,2025,M07,July,7,2025-07-01,3.2
New Hampshire,33,LAUST330000000000003,2025,M06,June,6,2025-06-01,3
New Hampshire,33,LAUST330000000000003,2025,M05,May,5,2025-05-01,2.9
New Hampshire,33,LAUST330000000000003,2025,M04,April,4,2025-04-01,3
New Hampshire,33,LAUST330000000000003,2025,M03,March,3,2025-03-01,3.4
New Hampshire,33,LAUST330000000000003,2025,M02,February,2,2025-02-01,3.5
New Hampshire,33,LAUST330000000000003,2025,M01,January,1,2025-01-01,3.4
New Hampshire,33,LAUST330000000000003,2024,M12,December,12,2024-12-01,2.7
New Hampshire,33,LAUST330000000000003,2024,M11,November,11,2024-11-01,2.8
New Hampshire,33,LAUST330000000000003,2024,M10,October,10,2024-10-01,2.5
New Hampshire,33,LAUST330000000000003,2024,M09,September,9,2024-09-01,2.4
New Hampshire,33,LAUST330000000000003,2024,M08,August,8,2024-08-01,2.8
New Hampshire,33,LAUST330000000000003,2024,M07,July,7,2024-07-01,2.8
New Hampshire,33,LAUST330000000000003,2024,M06,June,6,2024-06-01,2.5
New Hampshire,33,LAUST330000000000003,2024,M05,May,5,2024-05-01,2.1
New Hampshire,33,LAUST330000000000003,2024,M04,April,4,2024-04-01,2.2
New Hampshire,33,LAUST330000000000003,2024,M03,March,3,2024-03-01,2.6
New Hampshire,33,LAUST330000000000003,2024,M02,February,2,2024-02-01,2.8
New Hampshire,33,LAUST330000000000003,2024,M01,January,1,2024-01-01,2.6
New Jersey,34,LAUST340000000000003,2025,M12,December,12,2025-12-01,4.5
New Jersey,34,LAUST340000000000003,2025,M11,November,11,2025-11-01,4.7
New Jersey,34,LAUST340000000000003,2025,M09,September,9,2025-09-01,5.7
New Jersey,34,LAUST340000000000003,2025,M08,August,8,2025-08-01,5.8
New Jersey,34,LAUST340000000000003,2025,M07,July,7,2025-07-01,5.9
New Jersey,34,LAUST340000000000003,2025,M06,June,6,2025-06-01,5.4
New Jersey,34,LAUST340000000000003,2025,M05,May,5,2025-05-01,5
New Jersey,34,LAUST340000000000003,2025,M04,April,4,2025-04-01,4.8
New Jersey,34,LAUST340000000000003,2025,M03,March,3,2025-03-01,5.2
New Jersey,34,LAUST340000000000003,2025,M02,February,2,2025-02-01,5.4
New Jersey,34,LAUST340000000000003,2025,M01,January,1,2025-01-01,5.2
New Jersey,34,LAUST340000000000003,2024,M12,December,12,2024-12-01,4.5
New Jersey,34,LAUST340000000000003,2024,M11,November,11,2024-11-01,4.5
New Jersey,34,LAUST340000000000003,2024,M10,October,10,2024-10-01,4.4
New Jersey,34,LAUST340000000000003,2024,M09,September,9,2024-09-01,4.3
New Jersey,34,LAUST340000000000003,2024,M08,August,8,2024-08-01,5.1
New Jersey,34,LAUST340000000000003,2024,M07,July,7,2024-07-01,5.4
New Jersey,34,LAUST340000000000003,2024,M06,June,6,2024-06-01,4.8
New Jersey,34,LAUST340000000000003,2024,M05,May,5,2024-05-01,4.4
New Jersey,34,LAUST340000000000003,2024,M04,April,4,2024-04-01,4.1
New Jersey,34,LAUST340000000000003,2024,M03,March,3,2024-03-01,4.6
New Jersey,34,LAUST340000000000003,2024,M02,February,2,2024-02-01,4.9
New Jersey,34,LAUST340000000000003,2024,M01,January,1,2024-01-01,4.8
New Mexico,35,LAUST350000000000003,2025,M12,December,12,2025-12-01,4.2
New Mexico,35,LAUST350000000000003,2025,M11,November,11,2025-11-01,4.7
New Mexico,35,LAUST350000000000003,2025,M09,September,9,2025-09-01,4
New Mexico,35,LAUST350000000000003,2025,M08,August,8,2025-08-01,4.2
New Mexico,35,LAUST350000000000003,2025,M07,July,7,2025-07-01,5.1
New Mexico,35,LAUST350000000000003,2025,M06,June,6,2025-06-01,4.6
New Mexico,35,LAUST350000000000003,2025,M05,May,5,2025-05-01,3.9
New Mexico,35,LAUST350000000000003,2025,M04,April,4,2025-04-01,3.6
New Mexico,35,LAUST350000000000003,2025,M03,March,3,2025-03-01,3.7
New Mexico,35,LAUST350000000000003,2025,M02,February,2,2025-02-01,4.2
New Mexico,35,LAUST350000000000003,2025,M01,January,1,2025-01-01,4.3
New Mexico,35,LAUST350000000000003,2024,M12,December,12,2024-12-01,3.7
New Mexico,35,LAUST350000000000003,2024,M11,November,11,2024-11-01,4.2
New Mexico,35,LAUST350000000000003,2024,M10,October,10,2024-10-01,4
New Mexico,35,LAUST350000000000003,2024,M09,September,9,2024-09-01,4
New Mexico,35,LAUST350000000000003,2024,M08,August,8,2024-08-01,4.4
New Mexico,35,LAUST350000000000003,2024,M07,July,7,2024-07-01,5.4
New Mexico,35,LAUST350000000000003,2024,M06,June,6,2024-06-01,4.8
New Mexico,35,LAUST350000000000003,2024,M05,May,5,2024-05-01,3.9
New Mexico,35,LAUST350000000000003,2024,M04,April,4,2024-04-01,3.5
New Mexico,35,LAUST350000000000003,2024,M03,March,3,2024-03-01,3.5
New Mexico,35,LAUST350000000000003,2024,M02,February,2,2024-02-01,3.9
New Mexico,35,LAUST350000000000003,2024,M01,January,1,2024-01-01,3.9
New York,36,LAUST360000000000003,2025,M12,December,12,2025-12-01,4.3
New York,36,LAUST360000000000003,2025,M11,November,11,2025-11-01,4.4
New York,36,LAUST360000000000003,2025,M09,September,9,2025-09-01,4.7
New York,36,LAUST360000000000003,2025,M08,August,8,2025-08-01,4.9
New York,36,LAUST360000000000003,2025,M07,July,7,2025-07-01,4.8
New York,36,LAUST360000000000003,2025,M06,June,6,2025-06-01,4.1
New York,36,LAUST360000000000003,2025,M05,May,5,2025-05-01,3.8
New York,36,LAUST360000000000003,2025,M04,April,4,2025-04-01,3.8
New York,36,LAUST360000000000003,2025,M03,March,3,2025-03-01,4.1
New York,36,LAUST360000000000003,2025,M02,February,2,2025-02-01,4.4
New York,36,LAUST360000000000003,2025,M01,January,1,2025-01-01,4.3
New York,36,LAUST360000000000003,2024,M12,December,12,2024-12-01,3.9
New York,36,LAUST360000000000003,2024,M11,November,11,2024-11-01,4
New York,36,LAUST360000000000003,2024,M10,October,10,2024-10-01,4
New York,36,LAUST360000000000003,2024,M09,September,9,2024-09-01,3.9
New York,36,LAUST360000000000003,2024,M08,August,8,2024-08-01,4.7
New York,36,LAUST360000000000003,2024,M07,July,7,2024-07-01,4.7
New York,36,LAUST360000000000003,2024,M06,June,6,2024-06-01,4.2
New York,36,LAUST360000000000003,2024,M05,May,5,2024-05-01,3.9
New York,36,LAUST360000000000003,2024,M04,April,4,2024-04-01,3.8
New York,36,LAUST360000000000003,2024,M03,March,3,2024-03-01,4.2
New York,36,LAUST360000000000003,2024,M02,February,2,2024-02-01,4.5
New York,36,LAUST360000000000003,2024,M01,January,1,2024-01-01,4.3
North Carolina,37,LAUST370000000000003,2025,M12,December,12,2025-12-01,3.4
North Carolina,37,LAUST370000000000003,2025,M11,November,11,2025-11-01,3.8
North Carolina,37,LAUST370000000000003,2025,M09,September,9,2025-09-01,3.7
North Carolina,37,LAUST370000000000003,2025,M08,August,8,2025-08-01,4.1
North Carolina,37,LAUST370000000000003,2025,M07,July,7,2025-07-01,4.1
North Carolina,37,LAUST370000000000003,2025,M06,June,6,2025-06-01,4
North Carolina,37,LAUST370000000000003,2025,M05,May,5,2025-05-01,3.7
North Carolina,37,LAUST370000000000003,2025,M04,April,4,2025-04-01,3.5
North Carolina,37,LAUST370000000000003,2025,M03,March,3,2025-03-01,3.8
North Carolina,37,LAUST370000000000003,2025,M02,February,2,2025-02-01,4
North Carolina,37,LAUST370000000000003,2025,M01,January,1,2025-01-01,4
North Carolina,37,LAUST370000000000003,2024,M12,December,12,2024-12-01,3.5
North Carolina,37,LAUST370000000000003,2024,M11,November,11,2024-11-01,3.8
North Carolina,37,LAUST370000000000003,2024,M10,October,10,2024-10-01,3.6
North Carolina,37,LAUST370000000000003,2024,M09,September,9,2024-09-01,3.3
North Carolina,37,LAUST370000000000003,2024,M08,August,8,2024-08-01,4
North Carolina,37,LAUST370000000000003,2024,M07,July,7,2024-07-01,4.1
North Carolina,37,LAUST370000000000003,2024,M06,June,6,2024-06-01,3.9
North Carolina,37,LAUST370000000000003,2024,M05,May,5,2024-05-01,3.5
North Carolina,37,LAUST370000000000003,2024,M04,April,4,2024-04-01,3.2
North Carolina,37,LAUST370000000000003,2024,M03,March,3,2024-03-01,3.6
North Carolina,37,LAUST370000000000003,2024,M02,February,2,2024-02-01,3.8
North Carolina,37,LAUST370000000000003,2024,M01,January,1,2024-01-01,3.7
North Dakota,38,LAUST380000000000003,2025,M12,December,12,2025-12-01,2.5
North Dakota,38,LAUST380000000000003,2025,M11,November,11,2025-11-01,2.2
North Dakota,38,LAUST380000000000003,2025,M09,September,9,2025-09-01,2.1
North Dakota,38,LAUST380000000000003,2025,M08,August,8,2025-08-01,2.5
North Dakota,38,LAUST380000000000003,2025,M07,July,7,2025-07-01,2.6
North Dakota,38,LAUST380000000000003,2025,M06,June,6,2025-06-01,2.8
North Dakota,38,LAUST380000000000003,2025,M05,May,5,2025-05-01,2.3
North Dakota,38,LAUST380000000000003,2025,M04,April,4,2025-04-01,2.6
North Dakota,38,LAUST380000000000003,2025,M03,March,3,2025-03-01,3.1
North Dakota,38,LAUST380000000000003,2025,M02,February,2,2025-02-01,3.2
North Dakota,38,LAUST380000000000003,2025,M01,January,1,2025-01-01,3.1
North Dakota,38,LAUST380000000000003,2024,M12,December,12,2024-12-01,2.5
North Dakota,38,LAUST380000000000003,2024,M11,November,11,2024-11-01,2.2
North Dakota,38,LAUST380000000000003,2024,M10,October,10,2024-10-01,1.9
North Dakota,38,LAUST380000000000003,2024,M09,September,9,2024-09-01,1.9
North Dakota,38,LAUST380000000000003,2024,M08,August,8,2024-08-01,2.4
North Dakota,38,LAUST380000000000003,2024,M07,July,7,2024-07-01,2.6
North Dakota,38,LAUST380000000000003,2024,M06,June,6,2024-06-01,2.7
North Dakota,38,LAUST380000000000003,2024,M05,May,5,2024-05-01,2.1
North Dakota,38,LAUST380000000000003,2024,M04,April,4,2024-04-01,2.3
North Dakota,38,LAUST380000000000003,2024,M03,March,3,2024-03-01,2.8
North Dakota,38,LAUST380000000000003,2024,M02,February,2,2024-02-01,2.8
North Dakota,38,LAUST380000000000003,2024,M01,January,1,2024-01-01,2.8
Ohio,39,LAUST390000000000003,2025,M12,December,12,2025-12-01,4
Ohio,39,LAUST390000000000003,2025,M11,November,11,2025-11-01,4
Ohio,39,LAUST390000000000003,2025,M09,September,9,2025-09-01,4
Ohio,39,LAUST390000000000003,2025,M08,August,8,2025-08-01,4.4
Ohio,39,LAUST390000000000003,2025,M07,July,7,2025-07-01,4.9
Ohio,39,LAUST390000000000003,2025,M06,June,6,2025-06-01,4.8
Ohio,39,LAUST390000000000003,2025,M05,May,5,2025-05-01,4.5
Ohio,39,LAUST390000000000003,2025,M04,April,4,2025-04-01,4.6
Ohio,39,LAUST390000000000003,2025,M03,March,3,2025-03-01,5.1
Ohio,39,LAUST390000000000003,2025,M02,February,2,2025-02-01,5.5
Ohio,39,LAUST390000000000003,2025,M01,January,1,2025-01-01,5.4
Ohio,39,LAUST390000000000003,2024,M12,December,12,2024-12-01,4.4
Ohio,39,LAUST390000000000003,2024,M11,November,11,2024-11-01,4.3
Ohio,39,LAUST390000000000003,2024,M10,October,10,2024-10-01,4
Ohio,39,LAUST390000000000003,2024,M09,September,9,2024-09-01,4.1
Ohio,39,LAUST390000000000003,2024,M08,August,8,2024-08-01,4.4
Ohio,39,LAUST390000000000003,2024,M07,July,7,2024-07-01,4.8
Ohio,39,LAUST390000000000003,2024,M06,June,6,2024-06-01,4.7
Ohio,39,LAUST390000000000003,2024,M05,May,5,2024-05-01,4.1
Ohio,39,LAUST390000000000003,2024,M04,April,4,2024-04-01,4
Ohio,39,LAUST390000000000003,2024,M03,March,3,2024-03-01,4.4
Ohio,39,LAUST390000000000003,2024,M02,February,2,2024-02-01,4.6
Ohio,39,LAUST390000000000003,2024,M01,January,1,2024-01-01,4.5
Oklahoma,40,LAUST400000000000003,2025,M12,December,12,2025-12-01,3.8
Oklahoma,40,LAUST400000000000003,2025,M11,November,11,2025-11-01,4.1
Oklahoma,40,LAUST400000000000003,2025,M09,September,9,2025-09-01,3.5
Oklahoma,40,LAUST400000000000003,2025,M08,August,8,2025-08-01,3.5
Oklahoma,40,LAUST400000000000003,2025,M07,July,7,2025-07-01,3.4
Oklahoma,40,LAUST400000000000003,2025,M06,June,6,2025-06-01,3.4
Oklahoma,40,LAUST400000000000003,2025,M05,May,5,2025-05-01,3.1
Oklahoma,40,LAUST400000000000003,2025,M04,April,4,2025-04-01,2.6
Oklahoma,40,LAUST400000000000003,2025,M03,March,3,2025-03-01,3
Oklahoma,40,LAUST400000000000003,2025,M02,February,2,2025-02-01,3.4
Oklahoma,40,LAUST400000000000003,2025,M01,January,1,2025-01-01,3.3
Oklahoma,40,LAUST400000000000003,2024,M12,December,12,2024-12-01,2.9
Oklahoma,40,LAUST400000000000003,2024,M11,November,11,2024-11-01,3.1
Oklahoma,40,LAUST400000000000003,2024,M10,October,10,2024-10-01,3
Oklahoma,40,LAUST400000000000003,2024,M09,September,9,2024-09-01,3
Oklahoma,40,LAUST400000000000003,2024,M08,August,8,2024-08-01,3.3
Oklahoma,40,LAUST400000000000003,2024,M07,July,7,2024-07-01,3.5
Oklahoma,40,LAUST400000000000003,2024,M06,June,6,2024-06-01,3.5
Oklahoma,40,LAUST400000000000003,2024,M05,May,5,2024-05-01,3.2
Oklahoma,40,LAUST400000000000003,2024,M04,April,4,2024-04-01,2.7
Oklahoma,40,LAUST400000000000003,2024,M03,March,3,2024-03-01,3.1
Oklahoma,40,LAUST400000000000003,2024,M02,February,2,2024-02-01,3.6
Oklahoma,40,LAUST400000000000003,2024,M01,January,1,2024-01-01,3.6
Oregon,41,LAUST410000000000003,2025,M12,December,12,2025-12-01,5.1
Oregon,41,LAUST410000000000003,2025,M11,November,11,2025-11-01,5
Oregon,41,LAUST410000000000003,2025,M09,September,9,2025-09-01,5.3
Oregon,41,LAUST410000000000003,2025,M08,August,8,2025-08-01,5.5
Oregon,41,LAUST410000000000003,2025,M07,July,7,2025-07-01,5.5
Oregon,41,LAUST410000000000003,2025,M06,June,6,2025-06-01,5.1
Oregon,41,LAUST410000000000003,2025,M05,May,5,2025-05-01,4.8
Oregon,41,LAUST410000000000003,2025,M04,April,4,2025-04-01,4.6
Oregon,41,LAUST410000000000003,2025,M03,March,3,2025-03-01,5.3
Oregon,41,LAUST410000000000003,2025,M02,February,2,2025-02-01,5.3
Oregon,41,LAUST410000000000003,2025,M01,January,1,2025-01-01,5.5
Oregon,41,LAUST410000000000003,2024,M12,December,12,2024-12-01,4.6
Oregon,41,LAUST410000000000003,2024,M11,November,11,2024-11-01,4.2
Oregon,41,LAUST410000000000003,2024,M10,October,10,2024-10-01,4.1
Oregon,41,LAUST410000000000003,2024,M09,September,9,2024-09-01,4.1
Oregon,41,LAUST410000000000003,2024,M08,August,8,2024-08-01,4.5
Oregon,41,LAUST410000000000003,2024,M07,July,7,2024-07-01,4.7
Oregon,41,LAUST410000000000003,2024,M06,June,6,2024-06-01,4.1
Oregon,41,LAUST410000000000003,2024,M05,May,5,2024-05-01,3.7
Oregon,41,LAUST410000000000003,2024,M04,April,4,2024-04-01,3.7
Oregon,41,LAUST410000000000003,2024,M03,March,3,2024-03-01,4.4
Oregon,41,LAUST410000000000003,2024,M02,February,2,2024-02-01,4.6
Oregon,41,LAUST410000000000003,2024,M01,January,1,2024-01-01,4.8
Pennsylvania,42,LAUST420000000000003,2025,M12,December,12,2025-12-01,3.7
Pennsylvania,42,LAUST420000000000003,2025,M11,November,11,2025-11-01,3.9
Pennsylvania,42,LAUST420000000000003,2025,M09,September,9,2025-09-01,4.3
Pennsylvania,42,LAUST420000000000003,2025,M08,August,8,2025-08-01,5.2
Pennsylvania,42,LAUST420000000000003,2025,M07,July,7,2025-07-01,4.8
Pennsylvania,42,LAUST420000000000003,2025,M06,June,6,2025-06-01,4.5
Pennsylvania,42,LAUST420000000000003,2025,M05,May,5,2025-05-01,4
Pennsylvania,42,LAUST420000000000003,2025,M04,April,4,2025-04-01,3.7
Pennsylvania,42,LAUST420000000000003,2025,M03,March,3,2025-03-01,4.1
Pennsylvania,42,LAUST420000000000003,2025,M02,February,2,2025-02-01,4.5
Pennsylvania,42,LAUST420000000000003,2025,M01,January,1,2025-01-01,4.4
Pennsylvania,42,LAUST420000000000003,2024,M12,December,12,2024-12-01,3.6
Pennsylvania,42,LAUST420000000000003,2024,M11,November,11,2024-11-01,3.6
Pennsylvania,42,LAUST420000000000003,2024,M10,October,10,2024-10-01,3.7
Pennsylvania,42,LAUST420000000000003,2024,M09,September,9,2024-09-01,3.5
Pennsylvania,42,LAUST420000000000003,2024,M08,August,8,2024-08-01,4.6
Pennsylvania,42,LAUST420000000000003,2024,M07,July,7,2024-07-01,4.4
Pennsylvania,42,LAUST420000000000003,2024,M06,June,6,2024-06-01,4.1
Pennsylvania,42,LAUST420000000000003,2024,M05,May,5,2024-05-01,3.4
Pennsylvania,42,LAUST420000000000003,2024,M04,April,4,2024-04-01,3.2
Pennsylvania,42,LAUST420000000000003,2024,M03,March,3,2024-03-01,3.7
Pennsylvania,42,LAUST420000000000003,2024,M02,February,2,2024-02-01,4.1
Pennsylvania,42,LAUST420000000000003,2024,M01,January,1,2024-01-01,3.9
Rhode Island,44,LAUST440000000000003,2025,M12,December,12,2025-12-01,4.5
Rhode Island,44,LAUST440000000000003,2025,M11,November,11,2025-11-01,4.7
Rhode Island,44,LAUST440000000000003,2025,M09,September,9,2025-09-01,3.7
Rhode Island,44,LAUST440000000000003,2025,M08,August,8,2025-08-01,4.6
Rhode Island,44,LAUST440000000000003,2025,M07,July,7,2025-07-01,4.4
Rhode Island,44,LAUST440000000000003,2025,M06,June,6,2025-06-01,4
Rhode Island,44,LAUST440000000000003,2025,M05,May,5,2025-05-01,4.1
Rhode Island,44,LAUST440000000000003,2025,M04,April,4,2025-04-01,4
Rhode Island,44,LAUST440000000000003,2025,M03,March,3,2025-03-01,4.7
Rhode Island,44,LAUST440000000000003,2025,M02,February,2,2025-02-01,5.6
Rhode Island,44,LAUST440000000000003,2025,M01,January,1,2025-01-01,5.1
Rhode Island,44,LAUST440000000000003,2024,M12,December,12,2024-12-01,4.1
Rhode Island,44,LAUST440000000000003,2024,M11,November,11,2024-11-01,4.3
Rhode Island,44,LAUST440000000000003,2024,M10,October,10,2024-10-01,4
Rhode Island,44,LAUST440000000000003,2024,M09,September,9,2024-09-01,3.8
Rhode Island,44,LAUST440000000000003,2024,M08,August,8,2024-08-01,4.9
Rhode Island,44,LAUST440000000000003,2024,M07,July,7,2024-07-01,4.6
Rhode Island,44,LAUST440000000000003,2024,M06,June,6,2024-06-01,4.1
Rhode Island,44,LAUST440000000000003,2024,M05,May,5,2024-05-01,4
Rhode Island,44,LAUST440000000000003,2024,M04,April,4,2024-04-01,3.6
Rhode Island,44,LAUST440000000000003,2024,M03,March,3,2024-03-01,4.1
Rhode Island,44,LAUST440000000000003,2024,M02,February,2,2024-02-01,5
Rhode Island,44,LAUST440000000000003,2024,M01,January,1,2024-01-01,4.5
South Carolina,45,LAUST450000000000003,2025,M12,December,12,2025-12-01,4.9
South Carolina,45,LAUST450000000000003,2025,M11,November,11,2025-11-01,5
South Carolina,45,LAUST450000000000003,2025,M09,September,9,2025-09-01,4.5
South Carolina,45,LAUST450000000000003,2025,M08,August,8,2025-08-01,4.8
South Carolina,45,LAUST450000000000003,2025,M07,July,7,2025-07-01,4.8
South Carolina,45,LAUST450000000000003,2025,M06,June,6,2025-06-01,4.6
South Carolina,45,LAUST450000000000003,2025,M05,May,5,2025-05-01,3.9
South Carolina,45,LAUST450000000000003,2025,M04,April,4,2025-04-01,3.7
South Carolina,45,LAUST450000000000003,2025,M03,March,3,2025-03-01,4.1
South Carolina,45,LAUST450000000000003,2025,M02,February,2,2025-02-01,4.5
South Carolina,45,LAUST450000000000003,2025,M01,January,1,2025-01-01,4.3
South Carolina,45,LAUST450000000000003,2024,M12,December,12,2024-12-01,4
South Carolina,45,LAUST450000000000003,2024,M11,November,11,2024-11-01,4.2
South Carolina,45,LAUST450000000000003,2024,M10,October,10,2024-10-01,4.3
South Carolina,45,LAUST450000000000003,2024,M09,September,9,2024-09-01,4.1
South Carolina,45,LAUST450000000000003,2024,M08,August,8,2024-08-01,4.9
South Carolina,45,LAUST450000000000003,2024,M07,July,7,2024-07-01,4.9
South Carolina,45,LAUST450000000000003,2024,M06,June,6,2024-06-01,4.6
South Carolina,45,LAUST450000000000003,2024,M05,May,5,2024-05-01,3.8
South Carolina,45,LAUST450000000000003,2024,M04,April,4,2024-04-01,3.2
South Carolina,45,LAUST450000000000003,2024,M03,March,3,2024-03-01,3.6
South Carolina,45,LAUST450000000000003,2024,M02,February,2,2024-02-01,3.9
South Carolina,45,LAUST450000000000003,2024,M01,January,1,2024-01-01,3.7
South Dakota,46,LAUST460000000000003,2025,M12,December,12,2025-12-01,2.4
South Dakota,46,LAUST460000000000003,2025,M11,November,11,2025-11-01,2.2
South Dakota,46,LAUST460000000000003,2025,M09,September,9,2025-09-01,1.8
South Dakota,46,LAUST460000000000003,2025,M08,August,8,2025-08-01,2.2
South Dakota,46,LAUST460000000000003,2025,M07,July,7,2025-07-01,1.9
South Dakota,46,LAUST460000000000003,2025,M06,June,6,2025-06-01,2
South Dakota,46,LAUST460000000000003,2025,M05,May,5,2025-05-01,2
South Dakota,46,LAUST460000000000003,2025,M04,April,4,2025-04-01,2
South Dakota,46,LAUST460000000000003,2025,M03,March,3,2025-03-01,2
South Dakota,46,LAUST460000000000003,2025,M02,February,2,2025-02-01,2.3
South Dakota,46,LAUST460000000000003,2025,M01,January,1,2025-01-01,2.1
South Dakota,46,LAUST460000000000003,2024,M12,December,12,2024-12-01,2
South Dakota,46,LAUST460000000000003,2024,M11,November,11,2024-11-01,1.8
South Dakota,46,LAUST460000000000003,2024,M10,October,10,2024-10-01,1.6
South Dakota,46,LAUST460000000000003,2024,M09,September,9,2024-09-01,1.5
South Dakota,46,LAUST460000000000003,2024,M08,August,8,2024-08-01,2
South Dakota,46,LAUST460000000000003,2024,M07,July,7,2024-07-01,1.8
South Dakota,46,LAUST460000000000003,2024,M06,June,6,2024-06-01,1.9
South Dakota,46,LAUST460000000000003,2024,M05,May,5,2024-05-01,1.8
South Dakota,46,LAUST460000000000003,2024,M04,April,4,2024-04-01,1.7
South Dakota,46,LAUST460000000000003,2024,M03,March,3,2024-03-01,1.7
South Dakota,46,LAUST460000000000003,2024,M02,February,2,2024-02-01,2.2
South Dakota,46,LAUST460000000000003,2024,M01,January,1,2024-01-01,1.9
Tennessee,47,LAUST470000000000003,2025,M12,December,12,2025-12-01,3.4
Tennessee,47,LAUST470000000000003,2025,M11,November,11,2025-11-01,3.6
Tennessee,47,LAUST470000000000003,2025,M09,September,9,2025-09-01,3.5
Tennessee,47,LAUST470000000000003,2025,M08,August,8,2025-08-01,3.5
Tennessee,47,LAUST470000000000003,2025,M07,July,7,2025-07-01,4
Tennessee,47,LAUST470000000000003,2025,M06,June,6,2025-06-01,4
Tennessee,47,LAUST470000000000003,2025,M05,May,5,2025-05-01,3.3
Tennessee,47,LAUST470000000000003,2025,M04,April,4,2025-04-01,3
Tennessee,47,LAUST470000000000003,2025,M03,March,3,2025-03-01,3.4
Tennessee,47,LAUST470000000000003,2025,M02,February,2,2025-02-01,3.5
Tennessee,47,LAUST470000000000003,2025,M01,January,1,2025-01-01,3.7
Tennessee,47,LAUST470000000000003,2024,M12,December,12,2024-12-01,3.3
Tennessee,47,LAUST470000000000003,2024,M11,November,11,2024-11-01,3.5
Tennessee,47,LAUST470000000000003,2024,M10,October,10,2024-10-01,3.5
Tennessee,47,LAUST470000000000003,2024,M09,September,9,2024-09-01,3.4
Tennessee,47,LAUST470000000000003,2024,M08,August,8,2024-08-01,3.7
Tennessee,47,LAUST470000000000003,2024,M07,July,7,2024-07-01,3.9
Tennessee,47,LAUST470000000000003,2024,M06,June,6,2024-06-01,3.9
Tennessee,47,LAUST470000000000003,2024,M05,May,5,2024-05-01,3
Tennessee,47,LAUST470000000000003,2024,M04,April,4,2024-04-01,2.8
Tennessee,47,LAUST470000000000003,2024,M03,March,3,2024-03-01,3.1
Tennessee,47,LAUST470000000000003,2024,M02,February,2,2024-02-01,3.1
Tennessee,47,LAUST470000000000003,2024,M01,January,1,2024-01-01,3.4
Texas,48,LAUST480000000000003,2025,M12,December,12,2025-12-01,3.9
Texas,48,LAUST480000000000003,2025,M11,November,11,2025-11-01,4.3
Texas,48,LAUST480000000000003,2025,M09,September,9,2025-09-01,4.4
Texas,48,LAUST480000000000003,2025,M08,August,8,2025-08-01,4.6
Texas,48,LAUST480000000000003,2025,M07,July,7,2025-07-01,4.5
Texas,48,LAUST480000000000003,2025,M06,June,6,2025-06-01,4.2
Texas,48,LAUST480000000000003,2025,M05,May,5,2025-05-01,4
Texas,48,LAUST480000000000003,2025,M04,April,4,2025-04-01,3.7
Texas,48,LAUST480000000000003,2025,M03,March,3,2025-03-01,4
Texas,48,LAUST480000000000003,2025,M02,February,2,2025-02-01,4.3
Texas,48,LAUST480000000000003,2025,M01,January,1,2025-01-01,4.2
Texas,48,LAUST480000000000003,2024,M12,December,12,2024-12-01,3.8
Texas,48,LAUST480000000000003,2024,M11,November,11,2024-11-01,4.1
Texas,48,LAUST480000000000003,2024,M10,October,10,2024-10-01,4.1
Texas,48,LAUST480000000000003,2024,M09,September,9,2024-09-01,4.1
Texas,48,LAUST480000000000003,2024,M08,August,8,2024-08-01,4.5
Texas,48,LAUST480000000000003,2024,M07,July,7,2024-07-01,4.6
Texas,48,LAUST480000000000003,2024,M06,June,6,2024-06-01,4.5
Texas,48,LAUST480000000000003,2024,M05,May,5,2024-05-01,3.8
Texas,48,LAUST480000000000003,2024,M04,April,4,2024-04-01,3.6
Texas,48,LAUST480000000000003,2024,M03,March,3,2024-03-01,3.9
Texas,48,LAUST480000000000003,2024,M02,February,2,2024-02-01,4.3
Texas,48,LAUST480000000000003,2024,M01,January,1,2024-01-01,4.1
Utah,49,LAUST490000000000003,2025,M12,December,12,2025-12-01,3.5
Utah,49,LAUST490000000000003,2025,M11,November,11,2025-11-01,3.7
Utah,49,LAUST490000000000003,2025,M09,September,9,2025-09-01,3.5
Utah,49,LAUST490000000000003,2025,M08,August,8,2025-08-01,3.8
Utah,49,LAUST490000000000003,2025,M07,July,7,2025-07-01,3.7
Utah,49,LAUST490000000000003,2025,M06,June,6,2025-06-01,3.7
Utah,49,LAUST490000000000003,2025,M05,May,5,2025-05-01,3.4
Utah,49,LAUST490000000000003,2025,M04,April,4,2025-04-01,3.3
Utah,49,LAUST490000000000003,2025,M03,March,3,2025-03-01,3.4
Utah,49,LAUST490000000000003,2025,M02,February,2,2025-02-01,3.6
Utah,49,LAUST490000000000003,2025,M01,January,1,2025-01-01,3.4
Utah,49,LAUST490000000000003,2024,M12,December,12,2024-12-01,3
Utah,49,LAUST490000000000003,2024,M11,November,11,2024-11-01,3.1
Utah,49,LAUST490000000000003,2024,M10,October,10,2024-10-01,3.1
Utah,49,LAUST490000000000003,2024,M09,September,9,2024-09-01,3.1
Utah,49,LAUST490000000000003,2024,M08,August,8,2024-08-01,3.7
Utah,49,LAUST490000000000003,2024,M07,July,7,2024-07-01,3.6
Utah,49,LAUST490000000000003,2024,M06,June,6,2024-06-01,3.7
Utah,49,LAUST490000000000003,2024,M05,May,5,2024-05-01,3.2
Utah,49,LAUST490000000000003,2024,M04,April,4,2024-04-01,3
Utah,49,LAUST490000000000003,2024,M03,March,3,2024-03-01,3.2
Utah,49,LAUST490000000000003,2024,M02,February,2,2024-02-01,3.4
Utah,49,LAUST490000000000003,2024,M01,January,1,2024-01-01,3.1
Vermont,50,LAUST500000000000003,2025,M12,December,12,2025-12-01,2.6
Vermont,50,LAUST500000000000003,2025,M11,November,11,2025-11-01,2.7
Vermont,50,LAUST500000000000003,2025,M09,September,9,2025-09-01,2.5
Vermont,50,LAUST500000000000003,2025,M08,August,8,2025-08-01,2.6
Vermont,50,LAUST500000000000003,2025,M07,July,7,2025-07-01,2.6
Vermont,50,LAUST500000000000003,2025,M06,June,6,2025-06-01,2.6
Vermont,50,LAUST500000000000003,2025,M05,May,5,2025-05-01,2.3
Vermont,50,LAUST500000000000003,2025,M04,April,4,2025-04-01,2.8
Vermont,50,LAUST500000000000003,2025,M03,March,3,2025-03-01,2.8
Vermont,50,LAUST500000000000003,2025,M02,February,2,2025-02-01,3
Vermont,50,LAUST500000000000003,2025,M01,January,1,2025-01-01,3
Vermont,50,LAUST500000000000003,2024,M12,December,12,2024-12-01,2.4
Vermont,50,LAUST500000000000003,2024,M11,November,11,2024-11-01,2.4
Vermont,50,LAUST500000000000003,2024,M10,October,10,2024-10-01,1.9
Vermont,50,LAUST500000000000003,2024,M09,September,9,2024-09-01,2.3
Vermont,50,LAUST500000000000003,2024,M08,August,8,2024-08-01,2.4
Vermont,50,LAUST500000000000003,2024,M07,July,7,2024-07-01,2.3
Vermont,50,LAUST500000000000003,2024,M06,June,6,2024-06-01,2.3
Vermont,50,LAUST500000000000003,2024,M05,May,5,2024-05-01,2
Vermont,50,LAUST500000000000003,2024,M04,April,4,2024-04-01,2.3
Vermont,50,LAUST500000000000003,2024,M03,March,3,2024-03-01,2.2
Vermont,50,LAUST500000000000003,2024,M02,February,2,2024-02-01,2.5
Vermont,50,LAUST500000000000003,2024,M01,January,1,2024-01-01,2.5
Virginia,51,LAUST510000000000003,2025,M12,December,12,2025-12-01,3.5
Virginia,51,LAUST510000000000003,2025,M11,November,11,2025-11-01,3.9
Virginia,51,LAUST510000000000003,2025,M09,September,9,2025-09-01,3.4
Virginia,51,LAUST510000000000003,2025,M08,August,8,2025-08-01,3.6
Virginia,51,LAUST510000000000003,2025,M07,July,7,2025-07-01,3.5
Virginia,51,LAUST510000000000003,2025,M06,June,6,2025-06-01,3.5
Virginia,51,LAUST510000000000003,2025,M05,May,5,2025-05-01,3.3
Virginia,51,LAUST510000000000003,2025,M04,April,4,2025-04-01,3
Virginia,51,LAUST510000000000003,2025,M03,March,3,2025-03-01,3.3
Virginia,51,LAUST510000000000003,2025,M02,February,2,2025-02-01,3.3
Virginia,51,LAUST510000000000003,2025,M01,January,1,2025-01-01,3.2
Virginia,51,LAUST510000000000003,2024,M12,December,12,2024-12-01,2.7
Virginia,51,LAUST510000000000003,2024,M11,November,11,2024-11-01,3.1
Virginia,51,LAUST510000000000003,2024,M10,October,10,2024-10-01,2.9
Virginia,51,LAUST510000000000003,2024,M09,September,9,2024-09-01,2.9
Virginia,51,LAUST510000000000003,2024,M08,August,8,2024-08-01,3.4
Virginia,51,LAUST510000000000003,2024,M07,July,7,2024-07-01,3.2
Virginia,51,LAUST510000000000003,2024,M06,June,6,2024-06-01,3.1
Virginia,51,LAUST510000000000003,2024,M05,May,5,2024-05-01,2.8
Virginia,51,LAUST510000000000003,2024,M04,April,4,2024-04-01,2.5
Virginia,51,LAUST510000000000003,2024,M03,March,3,2024-03-01,2.7
Virginia,51,LAUST510000000000003,2024,M02,February,2,2024-02-01,2.9
Virginia,51,LAUST510000000000003,2024,M01,January,1,2024-01-01,2.8
Washington,53,LAUST530000000000003,2025,M12,December,12,2025-12-01,5.3
Washington,53,LAUST530000000000003,2025,M11,November,11,2025-11-01,5.3
Washington,53,LAUST530000000000003,2025,M09,September,9,2025-09-01,4.5
Washington,53,LAUST530000000000003,2025,M08,August,8,2025-08-01,4.7
Washington,53,LAUST530000000000003,2025,M07,July,7,2025-07-01,4.6
Washington,53,LAUST530000000000003,2025,M06,June,6,2025-06-01,4.3
Washington,53,LAUST530000000000003,2025,M05,May,5,2025-05-01,4.3
Washington,53,LAUST530000000000003,2025,M04,April,4,2025-04-01,4.2
Washington,53,LAUST530000000000003,2025,M03,March,3,2025-03-01,4.6
Washington,53,LAUST530000000000003,2025,M02,February,2,2025-02-01,5
Washington,53,LAUST530000000000003,2025,M01,January,1,2025-01-01,4.7
Washington,53,LAUST530000000000003,2024,M12,December,12,2024-12-01,4.3
Washington,53,LAUST530000000000003,2024,M11,November,11,2024-11-01,4.3
Washington,53,LAUST530000000000003,2024,M10,October,10,2024-10-01,4.2
Washington,53,LAUST530000000000003,2024,M09,September,9,2024-09-01,4.1
Washington,53,LAUST530000000000003,2024,M08,August,8,2024-08-01,4.7
Washington,53,LAUST530000000000003,2024,M07,July,7,2024-07-01,4.7
Washington,53,LAUST530000000000003,2024,M06,June,6,2024-06-01,4.4
Washington,53,LAUST530000000000003,2024,M05,May,5,2024-05-01,4.3
Washington,53,LAUST530000000000003,2024,M04,April,4,2024-04-01,4.1
Washington,53,LAUST530000000000003,2024,M03,March,3,2024-03-01,4.7
Washington,53,LAUST530000000000003,2024,M02,February,2,2024-02-01,5.1
Washington,53,LAUST530000000000003,2024,M01,January,1,2024-01-01,5
West Virginia,54,LAUST540000000000003,2025,M12,December,12,2025-12-01,4.5
West Virginia,54,LAUST540000000000003,2025,M11,November,11,2025-11-01,4.5
West Virginia,54,LAUST540000000000003,2025,M09,September,9,2025-09-01,4.1
West Virginia,54,LAUST540000000000003,2025,M08,August,8,2025-08-01,4.5
West Virginia,54,LAUST540000000000003,2025,M07,July,7,2025-07-01,4.2
West Virginia,54,LAUST540000000000003,2025,M06,June,6,2025-06-01,4.2
West Virginia,54,LAUST540000000000003,2025,M05,May,5,2025-05-01,3.7
West Virginia,54,LAUST540000000000003,2025,M04,April,4,2025-04-01,3.7
West Virginia,54,LAUST540000000000003,2025,M03,March,3,2025-03-01,4.3
West Virginia,54,LAUST540000000000003,2025,M02,February,2,2025-02-01,4.5
West Virginia,54,LAUST540000000000003,2025,M01,January,1,2025-01-01,4.4
West Virginia,54,LAUST540000000000003,2024,M12,December,12,2024-12-01,3.5
West Virginia,54,LAUST540000000000003,2024,M11,November,11,2024-11-01,3.5
West Virginia,54,LAUST540000000000003,2024,M10,October,10,2024-10-01,3.3
West Virginia,54,LAUST540000000000003,2024,M09,September,9,2024-09-01,3.5
West Virginia,54,LAUST540000000000003,2024,M08,August,8,2024-08-01,4.3
West Virginia,54,LAUST540000000000003,2024,M07,July,7,2024-07-01,4.3
West Virginia,54,LAUST540000000000003,2024,M06,June,6,2024-06-01,4.3
West Virginia,54,LAUST540000000000003,2024,M05,May,5,2024-05-01,3.7
West Virginia,54,LAUST540000000000003,2024,M04,April,4,2024-04-01,3.8
West Virginia,54,LAUST540000000000003,2024,M03,March,3,2024-03-01,4.6
West Virginia,54,LAUST540000000000003,2024,M02,February,2,2024-02-01,5
West Virginia,54,LAUST540000000000003,2024,M01,January,1,2024-01-01,4.7
Wisconsin,55,LAUST550000000000003,2025,M12,December,12,2025-12-01,3
Wisconsin,55,LAUST550000000000003,2025,M11,November,11,2025-11-01,2.9
Wisconsin,55,LAUST550000000000003,2025,M09,September,9,2025-09-01,2.7
Wisconsin,55,LAUST550000000000003,2025,M08,August,8,2025-08-01,3.1
Wisconsin,55,LAUST550000000000003,2025,M07,July,7,2025-07-01,3.3
Wisconsin,55,LAUST550000000000003,2025,M06,June,6,2025-06-01,3.3
Wisconsin,55,LAUST550000000000003,2025,M05,May,5,2025-05-01,3
Wisconsin,55,LAUST550000000000003,2025,M04,April,4,2025-04-01,3.2
Wisconsin,55,LAUST550000000000003,2025,M03,March,3,2025-03-01,3.7
Wisconsin,55,LAUST550000000000003,2025,M02,February,2,2025-02-01,3.9
Wisconsin,55,LAUST550000000000003,2025,M01,January,1,2025-01-01,3.5
Wisconsin,55,LAUST550000000000003,2024,M12,December,12,2024-12-01,2.9
Wisconsin,55,LAUST550000000000003,2024,M11,November,11,2024-11-01,2.7
Wisconsin,55,LAUST550000000000003,2024,M10,October,10,2024-10-01,2.5
Wisconsin,55,LAUST550000000000003,2024,M09,September,9,2024-09-01,2.6
Wisconsin,55,LAUST550000000000003,2024,M08,August,8,2024-08-01,3
Wisconsin,55,LAUST550000000000003,2024,M07,July,7,2024-07-01,3.3
Wisconsin,55,LAUST550000000000003,2024,M06,June,6,2024-06-01,3.3
Wisconsin,55,LAUST550000000000003,2024,M05,May,5,2024-05-01,2.8
Wisconsin,55,LAUST550000000000003,2024,M04,April,4,2024-04-01,3
Wisconsin,55,LAUST550000000000003,2024,M03,March,3,2024-03-01,3.5
Wisconsin,55,LAUST550000000000003,2024,M02,February,2,2024-02-01,3.5
Wisconsin,55,LAUST550000000000003,2024,M01,January,1,2024-01-01,3
